company,word_count,total_chunks,env_chunks,soc_chunks,gov_chunks,env_score,soc_score,gov_score,combined_esg_score,env_positive,env_neutral,env_negative,soc_positive,soc_neutral,soc_negative,gov_positive,gov_neutral,gov_negative
PIRAMAL PHARMA LTD,888,9,3,5,1,91.47,74.18,52.02,76.25,0.8325,0.0838,0.0838,0.5682,0.2428,0.189,0.0742,0.8516,0.0742
ASHOK LEYLAND LTD_FY2023-24,40068,418,159,154,87,74.64,72.15,65.18,71.5,0.4112,0.4704,0.1184,0.3853,0.4725,0.1422,0.1763,0.7511,0.0727
BLS INTERNATIONAL LTD,17175,179,34,51,92,69.5,69.84,68.79,69.43,0.3237,0.5426,0.1337,0.3095,0.5777,0.1127,0.2632,0.6495,0.0873
HEXAWARE TECHNOLOGIES LTD,155532,1620,173,420,474,72.12,66.46,64.12,68.37,0.347,0.5485,0.1045,0.2219,0.6855,0.0926,0.1437,0.795,0.0613
CENTURY PLYBOARDS INDIA LTD,17219,180,59,56,48,73.72,65.72,61.43,68.17,0.3963,0.4818,0.1219,0.2233,0.6676,0.109,0.0992,0.8301,0.0707
NETWEB TECHNOLOGIES INDIA LTD,105601,1100,237,191,340,71.86,65.84,63.52,67.91,0.335,0.5673,0.0977,0.1888,0.7392,0.0721,0.1186,0.833,0.0483
USHA MARTIN LTD,29584,308,98,120,75,70.8,66.42,63.6,67.64,0.3375,0.541,0.1215,0.242,0.6444,0.1136,0.1526,0.7669,0.0805
BIRLASOFT LTD,45618,475,137,196,131,70.43,65.19,65.03,67.46,0.3352,0.5383,0.1265,0.2108,0.6822,0.107,0.1778,0.7452,0.0771
CRAFTSMAN AUTOMATION LTD,26918,281,81,99,88,71.49,66.31,61.21,67.31,0.3681,0.4936,0.1383,0.267,0.5922,0.1408,0.0966,0.8309,0.0725
INDUS TOWERS LTD,207747,2164,295,453,609,72.08,64.81,62.0,67.31,0.3507,0.5403,0.1091,0.1808,0.7346,0.0846,0.1027,0.8347,0.0626
JUBILANT INGREVIA LTD,34042,355,143,154,55,71.45,64.59,62.78,67.16,0.3466,0.5359,0.1176,0.2132,0.6654,0.1214,0.1446,0.7664,0.089
LTI_07052025122421_annualreportseintimation,203725,2122,284,510,559,69.53,67.09,62.81,67.09,0.2819,0.6269,0.0913,0.2419,0.658,0.1001,0.1182,0.8198,0.0621
DCM SHRIRAM LTD,41586,433,189,121,107,69.85,66.28,62.9,67.01,0.3179,0.5612,0.1209,0.2414,0.6429,0.1157,0.1406,0.7769,0.0825
DEVYANI INTERNATIONAL LTD,21000,219,55,83,65,69.88,66.29,62.71,66.97,0.3265,0.5445,0.1289,0.2444,0.637,0.1186,0.1571,0.7399,0.103
INDIAN HOTELS CO LTD,14404,150,55,51,29,68.67,67.4,61.8,66.56,0.2821,0.6093,0.1087,0.2745,0.599,0.1265,0.1353,0.7672,0.0975
MAHINDRA & MAHINDRA LTD,225817,2352,372,334,826,70.48,64.65,61.66,66.47,0.2903,0.629,0.0808,0.2011,0.6908,0.1081,0.0795,0.8743,0.0463
Zen Technologies,28803,300,79,121,93,68.51,67.44,61.62,66.46,0.3086,0.553,0.1384,0.2646,0.6196,0.1158,0.1148,0.8027,0.0825
WELSPUN LIVING LTD,32250,336,161,83,86,69.41,64.17,62.71,66.11,0.3283,0.5316,0.1401,0.2104,0.6625,0.127,0.1508,0.7525,0.0967
AADHAR HOUSING FINANCE LTD 24-25,133217,1388,98,160,468,68.99,65.37,61.9,66.1,0.245,0.6898,0.0653,0.1783,0.7506,0.071,0.0838,0.8704,0.0458
EXIDE INDUSTRIES LTD,163858,1707,305,325,499,70.84,63.06,60.97,65.96,0.3038,0.6093,0.0869,0.1446,0.772,0.0834,0.0725,0.8745,0.053
TATA STEEL LTD,274119,2856,573,459,572,68.98,65.37,61.17,65.91,0.3059,0.5678,0.1263,0.2318,0.6438,0.1244,0.0824,0.8587,0.0589
YESBANK_26072025195720_SE_Intimation_Integrated_Annual_Report-2024-25_signed,255664,2663,466,432,1050,68.64,65.14,62.08,65.91,0.2801,0.6126,0.1073,0.1863,0.7302,0.0835,0.1047,0.8323,0.0631
ADANI ENERGY SOLUTIONS,81925,854,308,330,184,68.43,63.33,64.37,65.83,0.2812,0.6062,0.1126,0.1834,0.6996,0.1169,0.1794,0.7287,0.0919
NATIONAL ALUMINIUM CO LTD,28463,297,113,101,62,67.07,66.2,62.89,65.76,0.2258,0.6899,0.0843,0.2241,0.6757,0.1002,0.1308,0.7961,0.0731
ITC HOTELS LIMITED,101687,1059,546,283,188,67.58,64.79,63.66,65.74,0.2806,0.5905,0.1289,0.2217,0.6525,0.1258,0.1627,0.7477,0.0895
Biocon2_17072025151850_Biocon_AGM_Intimation_SEs,274458,2859,428,588,907,67.19,65.66,63.15,65.71,0.242,0.6599,0.0981,0.2071,0.699,0.094,0.1187,0.8255,0.0558
BLUE DART EXPRESS LTD,194050,2022,309,355,652,69.97,62.79,61.34,65.59,0.2975,0.6043,0.0982,0.1389,0.778,0.0831,0.0726,0.8817,0.0457
POLYCAB_30072025100354_Intimation_for_BRSR_for_FY_2024-25,31925,333,96,166,62,70.03,62.97,60.67,65.5,0.2928,0.615,0.0922,0.1452,0.769,0.0858,0.0827,0.8479,0.0694
SBIN_26062025191305_mergedDSC,90471,943,273,360,264,67.25,64.52,63.33,65.42,0.2338,0.6773,0.0889,0.1854,0.7197,0.0949,0.1454,0.7757,0.0788
RECLTD_01082025234706_Signed_IntimationBRSR_010825,28181,294,93,104,81,68.87,62.94,62.29,65.39,0.2581,0.6612,0.0807,0.1611,0.7365,0.1024,0.111,0.8237,0.0653
MRPL,18357,191,70,75,41,68.52,63.41,61.99,65.3,0.2795,0.6114,0.1091,0.1731,0.7219,0.105,0.0989,0.842,0.0591
GAIL,202726,2112,275,322,592,68.91,63.68,60.93,65.29,0.2672,0.6439,0.0889,0.1526,0.7683,0.079,0.0697,0.8793,0.0511
ENDURANCE_18072025174035_2025_07_18___SE_intimation_-_Annual_Report_and_AGM_Notice,168883,1759,313,308,508,68.97,63.58,60.69,65.23,0.2798,0.6197,0.1005,0.1669,0.7378,0.0953,0.0626,0.8887,0.0487
TORRENT PHARMACEUTICALS LTD,166331,1733,235,352,526,67.64,64.53,61.82,65.22,0.2453,0.6622,0.0925,0.1781,0.7343,0.0876,0.0981,0.8403,0.0616
Sai Life Sciences Sustainability Report - 2023-24,37976,396,137,186,53,67.45,63.6,62.65,65.06,0.2608,0.6274,0.1119,0.1702,0.7315,0.0983,0.1359,0.7811,0.083
BAJAJ HOUSING FINANCE LTD_24_25,17978,187,32,57,86,67.03,63.73,62.34,64.83,0.2549,0.6307,0.1144,0.1776,0.7193,0.1031,0.1196,0.8075,0.0729
HSCL_20052025173733_BRSRFY202425,59695,622,240,252,107,67.97,63.03,61.43,64.8,0.2867,0.5859,0.1274,0.1558,0.7491,0.0951,0.107,0.8148,0.0783
VBL_11032025174358_VBLNoticeAR2024,179284,1868,244,287,448,67.42,63.22,61.63,64.67,0.2369,0.6746,0.0885,0.1319,0.8008,0.0674,0.0762,0.8801,0.0437
360 ONE Sustainability Report_FY-2023-24,22384,233,49,78,80,64.43,66.4,62.58,64.58,0.1804,0.7279,0.0918,0.216,0.696,0.0881,0.1125,0.8266,0.0609
PFC2023_07082025165802_Intimation06082025_SIGNED,231219,2409,350,324,601,68.09,62.02,60.88,64.41,0.2498,0.6622,0.0881,0.1192,0.802,0.0788,0.0681,0.8813,0.0506
JUBLFOOD_01082025192521_JFLBRSR01082025,20781,217,63,102,41,67.5,61.96,61.71,64.34,0.2196,0.7108,0.0696,0.1312,0.7767,0.092,0.0849,0.8646,0.0506
INDIAN ENERGY EXCHANGE LTD,197707,2060,303,382,736,68.42,60.61,61.67,64.31,0.2504,0.6677,0.082,0.0762,0.8598,0.064,0.0794,0.8747,0.046
HAVELLS1_16052025200031_CoverLetter_Notice_IntegratedAR_BRSR_Core_16052025_FullVersion,178051,1855,269,360,528,66.41,63.91,61.08,64.3,0.2241,0.68,0.0959,0.1687,0.7409,0.0904,0.074,0.8736,0.0524
GRANULES INDIA LTD,51546,537,97,129,229,68.41,60.36,61.93,64.29,0.2605,0.647,0.0924,0.0754,0.8564,0.0683,0.0827,0.8732,0.0441
GODFREY PHILLIPS INDIA LTD,24178,252,78,106,55,66.44,63.74,61.01,64.25,0.2173,0.6944,0.0884,0.1683,0.7383,0.0934,0.1035,0.8133,0.0832
OIL_26082025173409_BRSRFY20242526082025,21633,226,74,76,65,67.23,61.09,62.1,64.04,0.2138,0.7171,0.0691,0.0886,0.8446,0.0668,0.1081,0.8258,0.0661
ADITYA BIRLA CAPITAL LTD - 23 - 24,21306,222,60,83,59,65.73,64.33,60.56,64.0,0.1805,0.7537,0.0659,0.1754,0.7358,0.0888,0.0626,0.8861,0.0513
DATA PATTERNS INDIA LTD,78119,814,87,137,294,63.96,66.72,60.62,63.98,0.1406,0.7981,0.0613,0.2204,0.6936,0.086,0.0534,0.9054,0.0411
BALRAMPUR CHINI MILLS LTD,21747,227,69,74,74,66.11,63.5,60.68,63.94,0.1999,0.7224,0.0777,0.1559,0.7584,0.0858,0.0665,0.8806,0.0529
JIOFIN_05082025132019_BRSR,23623,246,47,76,66,65.7,62.21,62.93,63.93,0.1679,0.7782,0.0539,0.1252,0.7938,0.081,0.1126,0.8335,0.0539
CITY UNION BANK LTD,13438,140,38,48,46,63.9,63.5,64.49,63.92,0.1429,0.7921,0.0649,0.1429,0.7843,0.0728,0.1373,0.8151,0.0476
HINDUNILVR_18072025110703_BRSRPDF,34207,357,130,133,78,66.98,61.88,60.92,63.88,0.266,0.6076,0.1265,0.116,0.8056,0.0785,0.0819,0.8545,0.0635
GRAPHITE INDIA LTD,13787,144,81,39,18,68.02,62.25,58.57,63.87,0.2787,0.6029,0.1184,0.1265,0.7918,0.0816,0.0499,0.9002,0.0499
EMCURE PHARMACEUTICALS LTD,142684,1486,126,224,422,66.02,62.49,61.73,63.85,0.2055,0.7095,0.0851,0.1235,0.8027,0.0738,0.0793,0.8761,0.0447
SUZLON1_29082025214547_Business_Responsibility_and_Sustainability_Report,28230,294,120,92,73,66.97,62.19,60.42,63.85,0.2176,0.7041,0.0783,0.1314,0.7811,0.0875,0.0687,0.871,0.0603
SWIGGY LTD,31064,324,111,107,96,66.05,61.71,62.63,63.85,0.2105,0.7,0.0895,0.1115,0.8111,0.0774,0.1105,0.8317,0.0578
ICICI LOMBARD GENERAL INSURANCE,27280,284,77,108,84,64.23,64.07,62.86,63.84,0.1405,0.8037,0.0558,0.141,0.7995,0.0596,0.1089,0.8395,0.0516
FORTIS HEALTHCARE LTD,199236,2076,194,594,615,63.71,66.15,61.13,63.82,0.1471,0.78,0.073,0.1968,0.7293,0.0739,0.0766,0.8694,0.054
DABURIN_09072025181752_FBRSR,32393,338,109,130,53,68.68,60.76,59.03,63.81,0.2683,0.6371,0.0947,0.0883,0.8387,0.073,0.0462,0.8881,0.0657
PETRONET_30082025110848_IntimationSEBRSRsigned,22445,234,76,100,50,66.71,62.68,60.0,63.78,0.202,0.7303,0.0677,0.1202,0.8133,0.0665,0.0382,0.9237,0.0382
HCLTECH_02082025204043_BRSR_2024-25,28537,297,80,123,71,66.85,61.34,61.15,63.72,0.2133,0.7103,0.0764,0.1057,0.8154,0.0789,0.0793,0.8645,0.0562
BANKINDIA2_11062025175035_BRSR24-25,16428,171,52,65,43,65.13,63.21,61.52,63.63,0.1643,0.774,0.0617,0.1528,0.7586,0.0886,0.1076,0.8152,0.0772
IREDAEQ_14072025171302_SignedSENoticeintimation,195935,2041,441,202,538,67.14,61.14,60.44,63.6,0.206,0.7308,0.0631,0.1,0.8228,0.0772,0.0569,0.895,0.0481
AAVAS FINANCIERS LTD 24-25,20549,214,56,98,47,65.95,62.24,61.13,63.59,0.1998,0.7194,0.0808,0.158,0.7287,0.1133,0.0678,0.8869,0.0453
CCL PRODUCTS INDIA LTD,19629,205,58,67,39,66.29,61.66,60.98,63.53,0.1831,0.7596,0.0573,0.1062,0.8207,0.0731,0.0678,0.8838,0.0483
GO DIGIT GENERAL INSURANCE LTD,85631,892,80,171,370,66.7,61.3,60.72,63.53,0.1936,0.7468,0.0596,0.102,0.822,0.076,0.0642,0.8859,0.0498
PCBL CHEMICAL LTD,35542,370,169,116,69,65.66,62.25,61.21,63.49,0.2116,0.69,0.0984,0.1458,0.7534,0.1008,0.1057,0.8129,0.0814
CRISIL LTD,158983,1656,161,316,511,65.11,62.42,61.71,63.43,0.1681,0.7659,0.066,0.1223,0.8038,0.0739,0.0841,0.8661,0.0499
TITAGARH RAIL SYSTEMS LTD,17456,182,61,74,42,63.39,63.85,62.95,63.42,0.1321,0.8036,0.0642,0.1662,0.7446,0.0892,0.1135,0.8319,0.0546
APTUS VALUE HOUSING FINANCE,141662,1476,142,213,483,63.17,64.03,62.94,63.38,0.1336,0.7963,0.0702,0.1662,0.7482,0.0857,0.1045,0.8498,0.0457
TRIVENI ENGINEERING & INDUSTRY,22783,238,79,94,59,64.58,63.08,61.63,63.38,0.1657,0.7602,0.0741,0.1537,0.7542,0.0921,0.1138,0.8049,0.0813
Infosys_03072025215225_Infosys_Integrated_Annual_Report_2024-25,180519,1881,276,344,516,65.31,62.89,60.57,63.37,0.1895,0.7272,0.0833,0.1447,0.7682,0.087,0.0613,0.8888,0.0499
ICICI2022_05082025202810_NSEBSEAnnualReport05082025,205548,2141,220,374,731,66.01,61.3,61.19,63.34,0.1934,0.7334,0.0732,0.0896,0.8467,0.0636,0.0671,0.8895,0.0434
MGL25_31072025224204_SEIntimationMGLBRSR20242531072025,22780,237,51,110,63,66.6,60.03,61.38,63.26,0.1965,0.7388,0.0646,0.0781,0.8443,0.0776,0.0715,0.8845,0.044
APOLLO TYRES LTD_24_25,22583,235,68,90,62,65.65,61.6,60.97,63.22,0.183,0.747,0.07,0.1083,0.8154,0.0763,0.0741,0.8713,0.0547
WELENT_07082025213545_Intimation,16534,172,50,66,42,67.1,60.54,59.67,63.21,0.2075,0.7269,0.0655,0.0708,0.8692,0.06,0.0459,0.9016,0.0525
CE INFO SYSTEMS LTD,135753,1414,254,219,435,63.79,64.2,60.83,63.18,0.1306,0.8146,0.0548,0.1437,0.7965,0.0598,0.0572,0.9021,0.0406
Patanjali Foods Ltd,15937,166,43,67,43,64.38,61.97,62.58,63.18,0.1525,0.7826,0.0649,0.1169,0.8055,0.0776,0.1028,0.8459,0.0513
CHOICE INTERNATIONAL LTD,144492,1505,153,216,587,64.28,63.46,60.83,63.16,0.1572,0.7712,0.0716,0.1363,0.7967,0.0671,0.0613,0.8939,0.0448
INOX INDIA LTD,129728,1352,413,192,279,65.53,62.29,60.08,63.16,0.1851,0.7405,0.0744,0.1388,0.7682,0.093,0.0398,0.9219,0.0383
SBICARDS_31072025204046_SEFilingBRSRJuly2025,20889,218,72,73,67,64.85,62.27,61.14,63.12,0.168,0.7611,0.0709,0.1206,0.8043,0.0751,0.0803,0.8623,0.0574
Abbott-2024-Global-Sustainability-Report-June-2025,41842,436,135,198,88,63.55,64.44,60.46,63.05,0.1524,0.7662,0.0814,0.1892,0.7104,0.1004,0.077,0.8553,0.0678
POLY MEDICURE LTD,17485,182,40,60,78,65.95,60.24,61.4,63.04,0.1883,0.7424,0.0693,0.0983,0.8083,0.0934,0.0751,0.8778,0.0472
Tata Consumer products ltd,22996,240,69,81,44,64.54,62.12,61.36,62.99,0.1521,0.7866,0.0613,0.136,0.7704,0.0935,0.0863,0.8548,0.059
TVSMOTOR_26072025145916_BSENSETVSMBRSR2025,18962,198,57,80,43,63.02,62.63,63.29,62.97,0.1332,0.794,0.0728,0.1335,0.7856,0.081,0.1455,0.7748,0.0797
CAPLIN POINT LABORATORIES,15992,167,50,68,39,65.36,61.86,60.0,62.94,0.1776,0.752,0.0704,0.121,0.7951,0.0839,0.0475,0.9051,0.0475
AMBER ENTERPRISES INDIA LTDt-FY-2024-25,21816,227,71,98,46,63.31,63.09,62.06,62.93,0.1572,0.7519,0.0909,0.1535,0.7548,0.0917,0.1016,0.8379,0.0605
HEG LTD,19609,204,73,77,46,65.99,60.89,60.0,62.91,0.2054,0.709,0.0856,0.0912,0.8354,0.0734,0.0528,0.8943,0.0528
HINDZINCNSE_01082025184432_SEIntimationBRSR01082025,29177,304,91,126,77,65.14,61.3,60.94,62.9,0.1973,0.7082,0.0946,0.1014,0.8231,0.0755,0.0764,0.8659,0.0577
ZENSARTECH_01072025181715_SEIntimationBRSRF,23862,249,73,94,70,64.71,62.23,60.54,62.9,0.1839,0.7263,0.0898,0.1229,0.7988,0.0783,0.0543,0.9023,0.0434
EMAMI LTD,16505,172,48,75,27,65.42,61.1,60.36,62.82,0.181,0.7464,0.0726,0.0817,0.8586,0.0597,0.0673,0.8784,0.0543
SHRIRAM FINANCE LTD,19913,208,51,69,75,63.91,62.98,60.51,62.77,0.1336,0.8109,0.0554,0.1289,0.8018,0.0693,0.068,0.8741,0.0578
3M India Limited,18591,194,66,68,55,65.83,60.02,60.54,62.71,0.1836,0.7494,0.067,0.0893,0.8218,0.0889,0.0725,0.8658,0.0617
CREDITACCESS GRAMEEN LTD,133368,1389,119,266,431,63.63,62.81,60.92,62.7,0.1401,0.7924,0.0675,0.1409,0.7745,0.0846,0.0662,0.886,0.0478
JINDAL SAW LTD,15697,164,57,65,34,63.51,61.9,62.26,62.7,0.1361,0.7982,0.0658,0.1046,0.8287,0.0667,0.1002,0.8447,0.0551
BANKBARODA_29052025215012_SEBRSR2025,24510,256,62,83,55,64.39,61.1,61.65,62.69,0.166,0.7559,0.0781,0.0851,0.8517,0.0632,0.0805,0.872,0.0476
MOTILALOFS_23062025202533_MOFSL_BRSR_FY_2024_2025_signed,30492,318,89,118,94,64.45,62.14,60.23,62.68,0.1513,0.7864,0.0622,0.1356,0.7717,0.0928,0.0724,0.8598,0.0679
JUPITER WAGONS LTD,14900,155,41,62,47,64.76,61.75,60.11,62.66,0.1576,0.78,0.0624,0.1121,0.8108,0.0771,0.0854,0.8314,0.0833
AXIS BANK LTD_24_25,18832,196,62,73,49,63.34,62.6,61.28,62.6,0.1444,0.778,0.0776,0.1112,0.8295,0.0593,0.0804,0.8649,0.0547
CENTRAL DEPOSITORY SERVICES LTD,17689,184,43,69,58,63.21,62.64,61.48,62.6,0.1251,0.814,0.0609,0.1538,0.7452,0.101,0.0902,0.8491,0.0607
IDEA_01082025183304_SEIntimationBRSR01082025signed,18355,191,52,77,52,64.62,61.89,59.86,62.58,0.1401,0.8122,0.0477,0.1,0.8377,0.0623,0.0569,0.8835,0.0596
CERA SANITARYWARE LTD,15101,157,50,69,30,63.64,62.02,61.34,62.56,0.1373,0.7982,0.0645,0.1086,0.8233,0.0681,0.0773,0.8721,0.0506
DLF_13072025094510_BRSR_Report,28604,298,95,114,68,64.54,61.55,60.28,62.55,0.1939,0.7031,0.103,0.1158,0.7994,0.0848,0.0598,0.886,0.0542
POWERGRID1_03082025201817_BRSRfinal,19233,201,61,68,61,65.25,60.32,60.57,62.55,0.1708,0.7635,0.0658,0.0757,0.8551,0.0692,0.0815,0.8483,0.0702
KARURVYSYA_13082025154521_BRSR_NSE_BSE,16124,168,45,56,63,63.44,63.03,60.36,62.54,0.1231,0.8227,0.0543,0.1676,0.7255,0.107,0.1102,0.7868,0.103
CYIENT LTD,17097,178,57,64,27,64.9,61.04,60.16,62.52,0.1603,0.7775,0.0622,0.0906,0.8395,0.0698,0.0735,0.8621,0.0644
METROPOLIS HEALTHCARE LTD,14854,155,42,73,32,62.72,63.31,61.19,62.52,0.102,0.8504,0.0476,0.1356,0.795,0.0694,0.0633,0.8971,0.0395
NESTLEIND1_27062025152549_Nestle_India_BRSR,31868,332,81,134,81,64.2,61.31,61.08,62.52,0.1625,0.759,0.0785,0.1154,0.7955,0.0891,0.0932,0.8354,0.0715
JINDAL STAINLESS LTD,25518,266,86,84,78,64.66,61.17,60.34,62.5,0.1956,0.7021,0.1023,0.1145,0.7945,0.0911,0.0576,0.8916,0.0508
RAILTEL CORP OF INDIA LTD,9372,98,19,30,44,64.38,62.37,59.37,62.5,0.1688,0.7756,0.0556,0.0955,0.8564,0.0481,0.0384,0.9106,0.051
KPIT TECHNOLOGIES LTD,22186,231,67,65,67,64.72,60.86,60.52,62.47,0.1635,0.7675,0.069,0.107,0.8031,0.0899,0.0676,0.8753,0.0571
AKUMS DRUGS & PHARMACEUTICAL,153095,1595,177,301,472,63.16,61.42,62.51,62.46,0.1362,0.7909,0.073,0.106,0.8164,0.0776,0.0985,0.8531,0.0483
NATCO PHARMA LTD,18267,190,55,78,41,63.8,61.95,60.58,62.42,0.14,0.796,0.064,0.1145,0.8099,0.0756,0.0646,0.8823,0.0531
RELIANCE INDUSTRIES LIMITED,36046,376,120,135,89,64.3,61.47,60.21,62.4,0.1674,0.7512,0.0814,0.1157,0.798,0.0863,0.049,0.9061,0.0449
BHARAT PETROLEUM CORP LTD,30522,318,142,97,60,64.94,60.26,60.42,62.36,0.2021,0.6946,0.1033,0.09,0.8251,0.0849,0.0637,0.881,0.0553
HAPPIEST MINDS TECHNOLOGIES,14732,154,42,59,47,62.76,60.62,63.77,62.35,0.1271,0.8009,0.072,0.0769,0.8586,0.0645,0.1374,0.8007,0.062
GLAXOSMITHKLINE PHARMACEUTICAL,20133,210,48,97,58,62.17,64.23,60.3,62.34,0.0955,0.8522,0.0522,0.1704,0.7437,0.0859,0.0839,0.8383,0.0778
BANDHAN BANK LTD,18152,189,57,69,47,63.93,61.81,60.16,62.33,0.1543,0.7702,0.0756,0.0979,0.8404,0.0617,0.0684,0.8664,0.0652
LIC HOUSING FINANCE LTD,20966,219,61,68,81,63.91,61.36,60.77,62.33,0.1599,0.7584,0.0817,0.1121,0.803,0.0848,0.0704,0.8747,0.0549
ABBOTT INDIA LTD 23-24,98763,1029,110,296,328,62.93,62.81,60.63,62.32,0.1387,0.7812,0.0801,0.1472,0.7618,0.091,0.0636,0.8855,0.0509
IRCON INTERNATIONAL LTD,14411,150,31,74,31,63.82,60.14,62.37,62.32,0.1454,0.7855,0.0691,0.0615,0.8798,0.0587,0.1008,0.8459,0.0534
KEI_07072025173957_BRSRDSC,20089,209,58,72,71,64.07,61.14,60.61,62.3,0.1835,0.7145,0.102,0.1169,0.789,0.0941,0.0686,0.8752,0.0563
SBILIFE_07082025192458_SE07082025BRSR_signed,28318,295,51,78,95,62.34,62.79,61.55,62.28,0.1188,0.8092,0.072,0.1434,0.769,0.0876,0.1004,0.8301,0.0695
SHYAMMETL_04082025173106_BRSR04082025,16697,174,59,68,40,65.03,59.55,60.82,62.28,0.1797,0.7413,0.079,0.0628,0.8655,0.0717,0.0619,0.8927,0.0454
Uno Minda IAR 2024-25_Final BRSR,20747,216,66,85,55,64.06,61.13,60.58,62.28,0.1528,0.7756,0.0716,0.099,0.8246,0.0764,0.0732,0.8652,0.0616
Ambuja Cements,18466,193,48,64,67,62.73,63.15,60.34,62.26,0.1274,0.7998,0.0727,0.1638,0.7354,0.1008,0.0509,0.905,0.0441
IOB_19062025130224_BRSR2425,18282,191,49,64,59,65.46,58.94,60.75,62.26,0.2113,0.6866,0.1021,0.0822,0.8145,0.1033,0.103,0.8089,0.0881
KEC_17072025183850_SEIntimation_BRSR,21476,224,81,100,32,63.85,61.19,60.79,62.26,0.176,0.7251,0.099,0.0941,0.8356,0.0703,0.0877,0.8403,0.072
DRREDDY_30062025181450_BRSRfy2025,22576,235,74,87,60,63.32,63.01,59.42,62.25,0.133,0.8003,0.0667,0.1391,0.7819,0.079,0.0878,0.8129,0.0994
FINOLEX CABLES LTD,15234,159,36,54,46,63.85,61.02,60.95,62.25,0.1487,0.7797,0.0716,0.0921,0.8362,0.0718,0.0605,0.898,0.0414
NBCC INDIA LTD,16993,177,49,79,39,62.81,61.22,62.53,62.25,0.1049,0.8464,0.0487,0.0887,0.8469,0.0644,0.0984,0.8538,0.0478
NAVA LTD,17537,183,52,66,57,64.33,61.24,59.71,62.22,0.1817,0.7231,0.0952,0.1324,0.76,0.1076,0.0754,0.8435,0.0812
GLOBAL HEALTH LTD:INDIA,18238,190,45,80,60,64.0,60.84,60.74,62.21,0.1385,0.8029,0.0586,0.0953,0.8263,0.0784,0.0705,0.8739,0.0557
DEEPAK NITRITE LTD,17412,182,54,68,41,62.91,62.56,60.49,62.2,0.1174,0.8235,0.0591,0.1409,0.7693,0.0898,0.0603,0.8892,0.0505
INDEGENE LTD,15205,159,48,67,33,62.3,63.19,60.8,62.2,0.1176,0.8108,0.0717,0.1405,0.7828,0.0767,0.0735,0.8689,0.0576
GLAND PHARMA LTD,10554,110,25,46,30,65.26,59.56,60.0,62.18,0.1735,0.7684,0.0581,0.0819,0.8274,0.0907,0.0438,0.9124,0.0438
APOLLO HOSPITALS ENTERPRISE-FY2023-2024,15632,163,44,60,53,64.28,60.91,60.0,62.17,0.16,0.7657,0.0743,0.0849,0.8485,0.0667,0.0432,0.9135,0.0432
GRASIM_21072025201038_SEIntimationBRSR,20518,214,67,70,60,64.95,60.94,58.77,62.16,0.1647,0.7695,0.0658,0.1014,0.8161,0.0825,0.0787,0.8182,0.1032
AU SMALL FINANCE BANK LTD_24_25,19032,198,53,74,60,62.63,62.13,61.34,62.15,0.1152,0.8223,0.0625,0.1432,0.7561,0.1007,0.0717,0.8834,0.0449
Affle-3i-Limited_BRSR_24_25,9746,102,25,36,35,63.6,61.57,60.32,62.15,0.1662,0.7498,0.084,0.1052,0.821,0.0738,0.0818,0.8427,0.0754
ELECON ENGINEERING CO LTD,13488,141,42,48,41,63.88,61.42,60.0,62.15,0.1414,0.7948,0.0638,0.1028,0.8228,0.0744,0.0383,0.9234,0.0383
HFCL Ltd,22945,239,61,89,70,63.09,61.62,61.11,62.14,0.1236,0.8146,0.0618,0.1282,0.776,0.0957,0.082,0.8582,0.0598
MINDAIND1_14072025151936_BRSR,20993,219,67,86,56,64.55,59.88,60.68,62.13,0.1598,0.7713,0.0689,0.0854,0.827,0.0877,0.0735,0.8665,0.06
AFCONS_24 - 25,14964,156,45,50,51,62.84,62.76,60.0,62.11,0.1127,0.8314,0.0559,0.1281,0.799,0.0729,0.0454,0.9091,0.0454
COFORGE_29082025145633_Intimation_of_BRSR,21686,226,66,89,58,62.43,62.06,61.51,62.09,0.1176,0.8136,0.0689,0.1219,0.7973,0.0807,0.088,0.8541,0.0579
ADANI ENTERPRISES LTD_29052024203210_AELIntimationforsubmissionofBRSR,19440,203,71,75,52,64.35,60.53,60.0,62.08,0.1724,0.7422,0.0854,0.0907,0.8292,0.0801,0.0379,0.9242,0.0379
FLUOROCHEM_04092025184026_BRSR,17805,186,59,73,43,62.42,60.36,63.62,62.08,0.1066,0.8351,0.0583,0.0783,0.8507,0.071,0.1349,0.8026,0.0625
INFO EDGE INDIA LTD,19465,203,58,84,49,64.66,60.28,59.76,62.08,0.1654,0.7625,0.0722,0.0845,0.8365,0.079,0.0476,0.9,0.0524
AMARA RAJA ENERGY & MOBILITY - 2023-24,17232,180,55,83,31,63.41,61.77,60.0,62.05,0.1437,0.7808,0.0755,0.1068,0.8217,0.0715,0.0368,0.9263,0.0368
ACC_1_31052025185334_ACC_BRSR_2025,13588,142,40,60,30,63.97,60.95,60.0,62.04,0.1498,0.7797,0.0704,0.1125,0.7941,0.0934,0.0447,0.9105,0.0447
CHOLAMANDALAM INVESTMENT AND,18231,190,48,78,50,63.26,61.88,60.0,62.02,0.1246,0.8159,0.0595,0.1006,0.8363,0.0631,0.0414,0.9171,0.0414
HONASA CONSUMER LTD,146592,1527,118,252,437,62.23,63.11,60.29,62.02,0.1297,0.7851,0.0852,0.1379,0.7865,0.0756,0.0483,0.9093,0.0424
OLA ELECTRIC MOBILITY LTD,14478,151,55,51,34,63.04,61.1,61.38,62.02,0.1276,0.8055,0.0669,0.0839,0.8541,0.062,0.0845,0.8586,0.0569
PIIND_21072025195914_BRSR_2025_signed,22147,231,77,86,55,63.65,61.33,60.0,62.02,0.1483,0.7765,0.0752,0.0967,0.8331,0.0702,0.0438,0.9124,0.0438
ERIS_02072025194252_BRSRsigned,18400,192,57,83,44,62.74,62.0,60.74,62.01,0.1271,0.8006,0.0723,0.1075,0.8251,0.0674,0.0732,0.8685,0.0584
NEW INDIA ASSURANCE CO LTD,13371,139,42,43,46,63.14,60.98,61.21,61.99,0.118,0.8269,0.0551,0.0712,0.8773,0.0515,0.0783,0.8677,0.054
RADICO_16072025115410_BRSR,17394,181,61,71,37,64.46,60.1,60.0,61.99,0.1963,0.6964,0.1072,0.0846,0.8328,0.0827,0.0408,0.9183,0.0408
SUNSEC_04072025192506_BRSRwithnote,21254,222,56,83,63,63.81,61.12,59.83,61.98,0.1611,0.754,0.0849,0.1021,0.8184,0.0796,0.0629,0.8708,0.0663
HINDUSTAN COPPER LTD,392355,4087,169,206,594,62.64,62.06,60.67,61.97,0.1525,0.7478,0.0996,0.1059,0.8293,0.0648,0.0577,0.8979,0.0444
MAZDOCK_28082025231227_SE_Disclosure_BRSR,23208,242,74,91,68,62.84,61.77,60.53,61.93,0.1156,0.8256,0.0588,0.119,0.7973,0.0837,0.0574,0.8957,0.0469
LEMON TREE HOTELS LTD,17401,181,51,75,37,63.99,60.17,60.4,61.91,0.1614,0.757,0.0816,0.0808,0.8419,0.0773,0.0574,0.8932,0.0493
Angel One,17734,185,59,73,45,61.39,62.23,62.4,61.9,0.0668,0.8942,0.039,0.1214,0.8019,0.0767,0.1044,0.8393,0.0564
JINDAL STEEL LTD,18614,194,65,71,45,62.87,61.01,61.08,61.85,0.1168,0.8238,0.0594,0.0858,0.8486,0.0657,0.0783,0.8651,0.0566
JSW STEELny_04072025105546_BRSR,18614,194,65,71,45,62.87,61.01,61.08,61.85,0.1168,0.8238,0.0594,0.0858,0.8486,0.0657,0.0783,0.8651,0.0566
MRF_14072025170908_BRSRFINAL,11117,116,33,43,35,64.32,59.77,60.0,61.83,0.1349,0.8167,0.0484,0.0749,0.8457,0.0794,0.0461,0.9078,0.0461
MUTHOOTFIN_08082025205313_BRSR__Annual_Report_merged_SD,17065,178,42,72,52,64.0,60.25,59.95,61.83,0.1393,0.8014,0.0593,0.0682,0.8685,0.0633,0.0622,0.8746,0.0633
KIRLOSKAR BROTHERS LTD,17485,182,58,77,38,63.7,60.51,60.04,61.8,0.1513,0.7714,0.0773,0.0684,0.8735,0.0582,0.0615,0.8777,0.0608
JYOTHY LABS LTD,18877,197,60,72,55,64.81,58.94,60.0,61.79,0.1924,0.7114,0.0962,0.0846,0.8097,0.1057,0.0419,0.9161,0.0419
LATENT VIEW ANALYTICS LTD,16881,176,47,82,43,62.67,61.29,60.88,61.79,0.1241,0.8053,0.0706,0.1003,0.8252,0.0745,0.0678,0.8821,0.0501
UNIONBANK_01092025185438_BRSR,21753,227,60,73,34,62.72,61.89,60.0,61.78,0.1222,0.8099,0.0679,0.109,0.8198,0.0712,0.054,0.8919,0.054
HINDPETRO1_28072025211142_BRSR,33072,345,134,108,85,64.24,59.91,59.72,61.77,0.1608,0.7632,0.076,0.0616,0.8748,0.0635,0.0477,0.8989,0.0534
EID PARRY INDIA LTD,17791,186,61,77,30,63.74,60.36,60.0,61.76,0.1464,0.7819,0.0716,0.0816,0.8441,0.0743,0.0467,0.9067,0.0467
BSE LTD,17125,179,52,67,32,63.28,60.96,60.0,61.74,0.119,0.8276,0.0534,0.0821,0.8549,0.063,0.0429,0.9143,0.0429
INDUSIND BANK LTD,18646,194,47,88,45,63.49,60.62,60.0,61.73,0.1215,0.8268,0.0517,0.0915,0.8295,0.079,0.0411,0.9178,0.0411
CESC LTD,17394,181,59,69,42,63.23,60.64,60.42,61.72,0.1236,0.8174,0.059,0.062,0.8888,0.0492,0.0613,0.8858,0.0529
VEDL_19062025105048_VEDLSEIntimationBRSRwithAssurancesigned,27810,290,86,87,94,63.38,60.58,60.2,61.72,0.1319,0.8038,0.0643,0.0868,0.8381,0.0751,0.0563,0.8916,0.0522
CHAMBAL FERTILISERS & CHEMICALS LTD,17914,187,61,87,30,63.12,60.72,60.4,61.7,0.127,0.8084,0.0646,0.0867,0.8411,0.0723,0.075,0.8581,0.0669
FACT_26092025165802_BRSR---2024-25_2523,14666,153,46,60,40,63.43,60.57,60.0,61.69,0.1083,0.852,0.0397,0.0809,0.8496,0.0695,0.0389,0.9222,0.0389
LLOYDSME_17062025145727_20250509_Intimation_of_BRSR,17465,182,61,78,35,63.78,60.09,60.0,61.69,0.1842,0.7074,0.1085,0.1011,0.7996,0.0993,0.0491,0.9018,0.0491
MARUTIASHISH_05082025211748_STXintimation_BRSR_2025,18971,198,60,71,55,63.41,60.62,60.0,61.69,0.1273,0.8137,0.0591,0.0919,0.8285,0.0795,0.0368,0.9265,0.0368
PVR INOX LTD,13301,139,55,62,20,63.46,60.79,59.69,61.69,0.1391,0.7908,0.07,0.0946,0.8265,0.0788,0.0657,0.8849,0.0494
TRIDENT LTD,15089,157,48,69,33,62.61,61.7,60.0,61.68,0.1218,0.8086,0.0697,0.0944,0.8452,0.0604,0.04,0.9201,0.04
IRB Infrastructure Developers Limited,15809,165,45,75,32,63.65,60.13,60.0,61.65,0.1332,0.8066,0.0602,0.0666,0.8694,0.064,0.0503,0.8994,0.0503
SAMMAAN CAPITAL LTD,33069,345,103,119,102,63.17,60.4,60.48,61.64,0.126,0.8113,0.0627,0.0823,0.8434,0.0743,0.0828,0.8438,0.0733
GUJARAT GAS LTD,26907,280,101,102,59,63.43,59.84,60.63,61.62,0.1452,0.778,0.0767,0.094,0.8089,0.0971,0.0532,0.9061,0.0407
IRCTC,18891,197,65,70,37,61.35,61.66,62.05,61.62,0.0758,0.8754,0.0488,0.0963,0.8404,0.0632,0.0824,0.8763,0.0413
AWL AGRI BUSINESS LTD,15969,167,50,52,53,62.74,60.62,60.79,61.6,0.123,0.8089,0.0681,0.0894,0.8336,0.077,0.0591,0.8976,0.0433
ITC_27062025154418_SE_BRSR_,28994,302,103,109,72,62.95,60.6,60.43,61.59,0.1327,0.7936,0.0737,0.0993,0.8134,0.0873,0.0592,0.8902,0.0506
APAR INDUSTRIES LTD_23_24,26761,279,88,109,52,63.68,59.88,60.0,61.58,0.1404,0.7929,0.0667,0.0782,0.8412,0.0807,0.0457,0.9086,0.0457
FEDERAL BANK LTD,20426,213,55,79,66,62.04,61.35,60.97,61.56,0.1027,0.8355,0.0618,0.0852,0.8566,0.0582,0.0625,0.8944,0.0431
CAMPUS ACTIVEWEAR LTD,10130,106,28,47,25,64.43,59.11,59.49,61.55,0.1686,0.7553,0.0761,0.0776,0.8271,0.0954,0.0484,0.9032,0.0484
SGLOBAL_01092025214735_brsr25signed,21158,221,68,90,46,63.94,59.24,60.22,61.55,0.1457,0.7874,0.0669,0.0844,0.816,0.0996,0.0746,0.855,0.0703
AJANTA PHARMA LTD_22_23,14538,152,38,72,35,62.89,60.74,60.15,61.54,0.1243,0.8093,0.0665,0.0838,0.8473,0.069,0.0824,0.8381,0.0795
DR LAL PATHLABS LTD,15491,162,41,76,35,62.41,61.88,59.6,61.54,0.1015,0.8451,0.0534,0.1145,0.8086,0.0769,0.0481,0.8957,0.0562
INDIANB_25052025154810_SE_BRSR_FY2025,21870,228,62,66,92,62.62,61.23,59.93,61.52,0.1108,0.8309,0.0583,0.0983,0.828,0.0737,0.0501,0.8984,0.0515
SUMITOMO CHEMICAL INDIA LTD,129111,1345,528,427,289,62.49,60.52,61.05,61.52,0.1365,0.777,0.0866,0.0854,0.8395,0.075,0.0808,0.8593,0.0599
EICHERMOT_28072025190434_EMLIR25BRSRFinal28072025Signed,17363,181,43,76,51,63.34,59.82,60.24,61.47,0.1438,0.7791,0.077,0.0817,0.8332,0.0852,0.0666,0.8716,0.0618
LT FOODS LTD,17170,179,50,74,46,62.18,60.94,60.87,61.47,0.1125,0.8187,0.0688,0.0861,0.8467,0.0673,0.0829,0.8516,0.0655
CAPRI GLOBAL CAPITAL LTD,13485,141,40,62,31,61.22,61.39,61.98,61.46,0.0733,0.8778,0.0489,0.1058,0.8163,0.0779,0.0952,0.8491,0.0557
COCHIN SHIPYARD LTD,13547,141,57,41,34,62.68,60.39,60.64,61.46,0.1091,0.8354,0.0555,0.0627,0.8824,0.0549,0.0782,0.8566,0.0653
MPHASIS_01072025191435_SubmissionofBRSR2025,20193,211,61,87,49,62.68,60.57,60.42,61.46,0.1196,0.8144,0.066,0.087,0.8374,0.0756,0.0507,0.907,0.0423
TATACOMM_16062025223319_18197B,28274,295,68,82,68,63.52,59.58,60.18,61.46,0.1377,0.7951,0.0673,0.0638,0.8639,0.0723,0.0514,0.9008,0.0478
WAAREE_04092025172850_Waaree-Energies_BRSR_02092025_Final,16816,175,54,65,41,62.8,59.47,61.52,61.45,0.104,0.8479,0.0481,0.0786,0.8323,0.0891,0.085,0.8604,0.0546
SAIL_25082025170923_BRSR_SAIL,23471,245,78,105,47,62.95,59.98,60.61,61.44,0.1379,0.7831,0.079,0.0687,0.8621,0.0692,0.0582,0.8958,0.046
VOLTAS_RB_18062025170206_SE_Intimation_BRSR_signed,18182,190,58,73,48,63.0,60.84,59.42,61.44,0.1155,0.829,0.0555,0.0754,0.8661,0.0585,0.0558,0.8768,0.0674
COALINDIA_04082025110405_BRSR2425,20773,217,66,75,58,62.84,60.59,60.0,61.43,0.1298,0.7972,0.073,0.0878,0.8362,0.0759,0.0392,0.9217,0.0392
TTML_23062025115325_TTML_532371_BRSR,14182,148,47,58,37,60.52,63.06,61.0,61.43,0.0615,0.8875,0.0511,0.1302,0.8008,0.069,0.0655,0.8889,0.0456
IOC_07082025163501_66_AGM_24_25_Cover_letter_and_BRSR_SEs,23897,249,87,70,71,61.93,61.03,61.0,61.42,0.1104,0.8179,0.0718,0.0931,0.8345,0.0725,0.0681,0.8838,0.0481
EIH LTD,27011,282,79,123,55,61.12,61.6,61.68,61.41,0.1032,0.8159,0.0809,0.0989,0.8343,0.0668,0.0964,0.8408,0.0628
PERSISTENTUSER1_25062025134906_PSLBusinessResponsibilityandSustainabilityReport2025signed,20866,218,67,90,55,62.52,60.98,60.0,61.41,0.1246,0.8012,0.0742,0.0857,0.8483,0.066,0.046,0.908,0.046
HBL ENGINEERING LTD,16320,170,60,70,34,62.41,61.09,60.0,61.4,0.11,0.8282,0.0618,0.1034,0.8149,0.0816,0.0386,0.9228,0.0386
HMILNSE_06082025151818_BRSRReport,17618,184,48,89,32,63.61,60.09,59.12,61.4,0.1376,0.7969,0.0655,0.0685,0.8648,0.0667,0.0531,0.8763,0.0706
JM FINANCIAL LTD,19308,201,41,77,72,62.44,60.76,60.33,61.39,0.1084,0.8319,0.0596,0.0851,0.8451,0.0698,0.0652,0.8762,0.0586
FSN E-COMMERCE VENTURES LTD,17957,187,49,78,42,62.75,60.47,60.0,61.36,0.1168,0.8214,0.0618,0.0865,0.8365,0.077,0.0473,0.9055,0.0473
MCDOWELL_06082025142128_SEIntimationBRSR_F,27355,285,94,88,80,62.42,60.61,60.37,61.35,0.1457,0.757,0.0973,0.1245,0.7632,0.1123,0.0658,0.8758,0.0584
SONATA SOFTWARE LTD,14524,151,40,71,25,62.44,61.29,59.49,61.35,0.1128,0.8233,0.0639,0.0865,0.8529,0.0606,0.0464,0.9071,0.0464
Indigo1_26072025105314_BRSR,17530,183,48,68,60,62.13,60.56,60.88,61.33,0.1299,0.7828,0.0873,0.0838,0.8435,0.0726,0.0734,0.8707,0.0559
FORCE MOTORS LTD,13698,143,44,50,43,61.06,61.55,61.49,61.32,0.1247,0.7717,0.1036,0.1334,0.7642,0.1025,0.089,0.8517,0.0593
GODREJ AGROVET LTD,16781,175,46,64,58,63.51,59.29,60.0,61.32,0.1361,0.7981,0.0658,0.0649,0.856,0.0792,0.0495,0.9011,0.0495
RAMKRISHNA FORGINGS LTD,16432,171,55,65,42,64.53,59.73,57.63,61.32,0.1672,0.7563,0.0765,0.0869,0.8207,0.0923,0.0613,0.83,0.1087
CLEAN SCIENCE & TECHNOLOGY LTD,16198,169,52,66,47,62.12,61.55,59.57,61.31,0.1228,0.797,0.0803,0.1019,0.8272,0.0709,0.0471,0.8972,0.0558
SBFC FINANCE LTD,17375,181,44,61,60,60.94,60.48,63.01,61.31,0.0963,0.8262,0.0775,0.1021,0.8055,0.0924,0.1222,0.8159,0.0619
ALKEM LABORATORIES LTD_23_24,22236,232,66,95,56,62.38,59.47,61.63,61.29,0.1227,0.8023,0.075,0.0895,0.8104,0.1001,0.0858,0.8611,0.0531
PAGEIND_07082025175107_BRSR202425,20411,213,59,92,48,61.67,61.38,60.52,61.29,0.0922,0.8492,0.0587,0.1049,0.8177,0.0774,0.0504,0.9097,0.0399
BAYER CROPSCIENCE LTD,20326,212,80,89,33,62.8,60.12,60.0,61.27,0.1186,0.8189,0.0625,0.0754,0.8517,0.0729,0.0521,0.8958,0.0521
KPRMILL_01072025115107_BRSR31032025,13612,142,58,48,26,63.12,60.0,59.6,61.27,0.1167,0.829,0.0543,0.0458,0.9084,0.0458,0.0425,0.9149,0.0425
SUNDARMFIN_27062025200618_BRSR_PDF,15434,161,42,60,51,61.08,60.63,62.39,61.27,0.0659,0.8898,0.0443,0.0783,0.856,0.0657,0.1036,0.8405,0.0559
AKZO NOBEL INDIA LTD_24_25,13881,145,41,67,33,63.16,59.57,60.0,61.26,0.149,0.7652,0.0858,0.086,0.8194,0.0946,0.0401,0.9197,0.0401
THERMAXNSE_05072025160145_SEIntimationBRSR2024-25,19915,208,55,76,59,64.29,58.12,59.74,61.24,0.1653,0.7552,0.0795,0.0951,0.7722,0.1327,0.0564,0.882,0.0616
TRIVENI TURBINE LTD,13133,137,44,60,26,62.94,60.14,59.6,61.24,0.1281,0.8026,0.0693,0.0839,0.8351,0.0811,0.0446,0.9108,0.0446
IDBI BANK LTD,24227,253,58,93,81,60.95,59.91,63.34,61.23,0.0633,0.8923,0.0443,0.0705,0.8573,0.0722,0.1236,0.8196,0.0568
abb-india-brsr-2024-report,21204,221,68,88,56,63.44,59.09,60.0,61.23,0.1267,0.8155,0.0578,0.0715,0.8389,0.0896,0.0457,0.9085,0.0457
CASTROLINDIA_25022025195909_SE_Intimation_BRSRFY2024_25022025,19639,205,63,85,45,60.99,62.18,60.44,61.22,0.0774,0.865,0.0576,0.1085,0.8265,0.065,0.0566,0.8957,0.0477
ANANT RAJ LTD,121506,1266,79,145,531,61.04,61.58,61.03,61.2,0.0609,0.899,0.0401,0.1038,0.824,0.0721,0.0595,0.9015,0.0389
BIKAJI FOODS INTERNATIONAL LTD,11746,123,40,50,21,62.75,60.78,59.0,61.2,0.1175,0.82,0.0626,0.0754,0.8647,0.0598,0.0506,0.8988,0.0506
FIRSTSOURCE SOLUTIONS LTD,20244,211,59,100,46,61.73,60.56,61.08,61.2,0.1099,0.8148,0.0753,0.0879,0.8353,0.0767,0.0813,0.8589,0.0598
MAHINDRA & MAHINDRA FIN SECS,16244,169,47,59,49,61.87,60.76,60.58,61.2,0.09,0.8574,0.0526,0.0715,0.8722,0.0563,0.0479,0.9158,0.0363
SONA BLW PRECISION FORGINGS,15351,160,43,69,40,62.98,59.65,60.0,61.2,0.1233,0.813,0.0637,0.0533,0.8864,0.0602,0.0457,0.9087,0.0457
ATUL LTD_24_25,11204,117,38,40,31,62.14,60.81,60.0,61.19,0.0892,0.8645,0.0464,0.0726,0.8711,0.0563,0.0494,0.9011,0.0494
HDFC LIFE INSURANCE CO LTD,17621,184,44,60,70,62.74,59.71,60.3,61.19,0.1091,0.8365,0.0544,0.0661,0.862,0.0719,0.0561,0.8939,0.0501
KSB LTD,122738,1279,310,281,288,61.39,61.98,59.85,61.19,0.0967,0.8344,0.0689,0.1134,0.8128,0.0738,0.0542,0.8887,0.0572
TATA CHEMICALS LTD,23085,241,67,65,94,63.72,58.84,59.66,61.19,0.1307,0.813,0.0563,0.0603,0.8561,0.0836,0.0473,0.8984,0.0542
L&T Ltd,29066,303,94,98,89,63.34,59.4,59.55,61.17,0.1194,0.8282,0.0525,0.0964,0.7952,0.1084,0.0538,0.8833,0.0629
LTTS_23052025220125_BRSR_Extract,15751,164,61,61,29,61.81,60.39,61.01,61.17,0.0843,0.8675,0.0482,0.0693,0.8692,0.0615,0.0738,0.8745,0.0517
JSW CEMENT LTD,16111,168,53,52,55,62.51,60.18,60.0,61.16,0.0976,0.8549,0.0475,0.063,0.8777,0.0593,0.0411,0.9177,0.0411
APL APOLLO TUBES LTD_23_24,16392,171,51,68,40,62.8,59.71,60.04,61.15,0.115,0.8259,0.0591,0.0835,0.8272,0.0894,0.0876,0.8256,0.0869
MANKIND4_15072025190737_BRSR_SD,23812,248,69,82,82,62.98,59.47,60.0,61.15,0.1274,0.8048,0.0678,0.0746,0.8402,0.0852,0.046,0.9079,0.046
WHIRLPOOL_14082025140444_2025_08_14_BRSR_signed,18131,189,52,88,42,61.43,61.64,60.0,61.14,0.1048,0.819,0.0762,0.1214,0.7901,0.0886,0.0642,0.8717,0.0642
ASTRAZENECA PHARMA INDIA LTD_24_25,12128,127,47,44,24,62.51,59.61,60.55,61.12,0.134,0.7823,0.0837,0.0706,0.8511,0.0783,0.0646,0.8944,0.041
SJVN_01092025180248_brsr,17441,182,58,66,46,61.88,61.59,59.16,61.11,0.1406,0.7562,0.1031,0.0973,0.8373,0.0654,0.0619,0.8593,0.0788
ENGINEERS INDIA LTD,10596,111,38,46,22,63.11,59.74,59.13,61.07,0.1271,0.8081,0.0648,0.0794,0.8361,0.0845,0.0431,0.9138,0.0431
KALPATARU PROJECTS INTERNATIONAL LTD,21016,219,63,62,77,62.12,60.17,60.31,61.06,0.0944,0.8536,0.052,0.0817,0.84,0.0783,0.0557,0.8948,0.0495
JUBLPHARMA_05082025195300_JPM_BRSR_2025_signed,13643,142,44,54,34,62.06,60.0,60.56,61.05,0.0812,0.8788,0.04,0.0548,0.8905,0.0548,0.0491,0.9129,0.038
Crompton Greaves Consumer Electricals Limited,15377,160,44,73,31,61.45,61.21,60.12,61.04,0.0719,0.8852,0.043,0.0821,0.8601,0.0579,0.07,0.8625,0.0675
Eternal,25401,265,78,97,77,62.21,60.4,59.77,61.04,0.1164,0.8116,0.0721,0.1069,0.7942,0.0989,0.0532,0.889,0.0578
BOSCHLTD2024_08072025154647_LettertoSEBRSR2025,21084,220,65,86,56,61.59,60.83,60.31,61.03,0.0901,0.8516,0.0583,0.0815,0.8535,0.0649,0.0461,0.914,0.0398
NLC INDIA LTD,15235,159,56,58,38,61.75,60.56,60.34,61.03,0.0959,0.8432,0.0609,0.0599,0.8914,0.0487,0.0513,0.9043,0.0444
ADANI TOTAL GAS LTD - 24 - 25,21057,220,60,86,60,62.38,59.34,60.69,61.02,0.1014,0.8447,0.0539,0.0863,0.8141,0.0996,0.0552,0.9034,0.0415
BRIGADE ENTERPRISES LTD,18304,191,53,74,58,61.61,60.52,60.61,61.02,0.1072,0.8178,0.075,0.0726,0.8652,0.0622,0.0767,0.8589,0.0644
RAINBOW CHILDREN'S MEDICARE,12249,128,45,44,32,62.07,59.87,60.58,61.02,0.0901,0.8613,0.0486,0.0757,0.846,0.0783,0.0607,0.8903,0.049
CONTAINER CORP OF INDIA LTD,19325,201,59,80,47,61.19,61.58,60.0,61.01,0.0807,0.8624,0.0569,0.1123,0.807,0.0807,0.0466,0.9068,0.0466
JSW INFRASTRUCTURE LTD,14507,151,50,54,36,62.2,60.12,60.0,61.01,0.1024,0.8393,0.0583,0.0726,0.8573,0.0701,0.0553,0.8894,0.0553
VIJAYA DIAGNOSTIC CENTRE PVT,11743,123,33,46,32,62.15,59.87,60.41,61.01,0.1016,0.8398,0.0586,0.1087,0.7799,0.1113,0.0773,0.8538,0.069
Wipro Ltd,19982,208,57,77,69,61.54,61.05,60.0,61.0,0.1006,0.8296,0.0698,0.0878,0.8453,0.0668,0.0441,0.9117,0.0441
ASTRAL LTD_23_24,13829,144,43,59,32,61.56,60.96,60.0,60.98,0.0818,0.8676,0.0506,0.0945,0.8301,0.0754,0.038,0.924,0.038
DOMS INDUSTRIES LTD,13938,145,37,63,31,61.09,60.92,60.88,60.98,0.0692,0.8834,0.0473,0.1024,0.8136,0.084,0.0621,0.8934,0.0445
ONESOURCE SPECIALTY PHARMA LTD,13219,138,36,66,29,61.23,61.48,59.9,60.98,0.0698,0.885,0.0453,0.0873,0.8551,0.0576,0.0393,0.9214,0.0393
ADANI POWER LTD - 22-23,16950,177,52,71,36,61.88,60.42,60.0,60.96,0.0915,0.8547,0.0539,0.0656,0.8772,0.0572,0.0462,0.9076,0.0462
Godrej Consumer Products,22796,238,53,77,83,61.75,60.56,60.0,60.94,0.0921,0.8509,0.057,0.0869,0.8374,0.0757,0.0443,0.9113,0.0443
TBO TEK LTD,12846,134,27,61,40,62.38,58.67,61.24,60.94,0.1137,0.826,0.0602,0.065,0.8434,0.0916,0.0871,0.8506,0.0623
IIFL FINANCE LTD,13861,145,28,57,47,61.07,60.1,61.67,60.92,0.0769,0.8716,0.0515,0.0714,0.8593,0.0694,0.0893,0.8549,0.0558
SHREE CEMENT LTD,10471,109,30,34,21,61.41,60.0,61.18,60.92,0.0771,0.8741,0.0488,0.0398,0.9204,0.0398,0.0753,0.8929,0.0317
ZF_CV_India_BRSR_FY_2024-25,17004,177,68,71,27,61.57,60.97,59.7,60.92,0.0887,0.8541,0.0572,0.0995,0.8205,0.0801,0.0427,0.9145,0.0427
NHPC_08082025202148_Intimation_BRSR_202425,25418,265,84,119,55,61.49,60.37,60.57,60.91,0.0838,0.862,0.0541,0.0906,0.8261,0.0833,0.0555,0.9004,0.0441
Max_25082025155324_SEDBRSR2025,21829,228,66,88,57,62.1,59.55,60.45,60.9,0.1063,0.8294,0.0643,0.0588,0.8734,0.0678,0.0561,0.8967,0.0471
SRF Ltd,14299,149,40,56,47,62.22,59.23,60.65,60.9,0.1203,0.8038,0.0759,0.0697,0.8451,0.0852,0.0653,0.8825,0.0523
TECH MAHINDRA LTD,17115,178,46,68,57,61.16,60.17,61.25,60.88,0.0757,0.8718,0.0525,0.0794,0.8445,0.0761,0.0743,0.8765,0.0493
UBLSJR_14072025215702_IntimationBRSRFY2025,18419,192,45,63,67,61.8,60.0,60.34,60.88,0.0817,0.8725,0.0458,0.0486,0.9028,0.0486,0.0626,0.8817,0.0557
BRAINBEES SOLUTIONS LTD,16153,168,37,58,60,60.8,61.71,59.87,60.85,0.0608,0.8944,0.0448,0.0974,0.8394,0.0632,0.0623,0.8726,0.065
General Insurance Corp_01092025231521_AGM4BRSR,17512,183,36,64,73,61.4,59.84,61.1,60.84,0.0702,0.8877,0.0421,0.0705,0.8558,0.0737,0.0765,0.8691,0.0544
IRFC_06082025175235_BRSR2425,18309,191,40,72,66,61.43,60.67,60.0,60.84,0.0761,0.8764,0.0475,0.0837,0.8461,0.0702,0.0427,0.9145,0.0427
SYNGENE INTERNATIONAL LTD,20552,214,67,93,47,62.34,59.38,60.0,60.84,0.0997,0.8474,0.0529,0.0753,0.837,0.0878,0.0398,0.9204,0.0398
JSW ENERGY LTD,19607,204,74,60,60,62.24,59.62,59.79,60.82,0.108,0.8286,0.0633,0.0712,0.8499,0.0789,0.0426,0.9106,0.0468
PUNJAB NATIONAL BANK,50373,525,131,142,93,61.21,60.4,60.6,60.81,0.0867,0.8508,0.0625,0.0801,0.8478,0.0721,0.0569,0.8982,0.0449
CANBK_23062025155557_BRSR1533,70505,735,90,148,149,61.3,60.38,60.43,60.8,0.073,0.8801,0.0469,0.0969,0.8137,0.0894,0.0606,0.8874,0.052
Deepak Fertilisers And Petrochemicals Corporation Limited,19378,202,58,79,47,62.22,59.37,60.0,60.78,0.0892,0.8661,0.0447,0.0537,0.8799,0.0664,0.0388,0.9224,0.0388
CHOLAHLDNG_17072025193855_SE_Intimation,14325,149,40,61,29,60.8,61.42,59.9,60.77,0.0576,0.9008,0.0415,0.1135,0.8012,0.0852,0.0365,0.927,0.0365
HOME FIRST FINANCE CO INDIA,17938,187,41,80,47,61.01,60.67,60.49,60.77,0.0679,0.8846,0.0476,0.0883,0.8367,0.075,0.069,0.8719,0.0592
PRESTIGE_19082025162354_Intimation_BRSR,20680,216,62,74,57,61.57,59.79,60.55,60.76,0.0864,0.8587,0.0549,0.078,0.8399,0.0821,0.0666,0.8778,0.0556
RELIANCE INFRASTRUCTURE LTD,14302,149,40,62,38,60.82,59.88,61.73,60.76,0.0724,0.8715,0.0561,0.0633,0.871,0.0657,0.0776,0.8795,0.0429
TATA ELXSI LTD,9764,102,33,44,24,62.34,59.62,59.37,60.75,0.0989,0.8491,0.052,0.0598,0.8729,0.0673,0.048,0.904,0.048
COROMANDELINT_02072025223937_CIL_letter_SD,16211,169,50,59,53,61.16,59.76,61.23,60.74,0.074,0.8751,0.0508,0.0581,0.8791,0.0629,0.0817,0.8613,0.057
LODHA DEVELOPERS LTD,20370,212,65,54,85,61.16,60.12,60.7,60.72,0.101,0.8212,0.0778,0.0814,0.8396,0.079,0.0577,0.8985,0.0438
WOCKHARDT LTD,13775,144,40,47,41,62.23,60.0,58.95,60.72,0.0943,0.856,0.0497,0.0529,0.8943,0.0529,0.0489,0.881,0.07
COHANCE LIFESCIENCES LTD,14590,152,52,55,38,61.54,60.11,60.0,60.71,0.0858,0.8593,0.0549,0.08,0.8422,0.0778,0.0395,0.9211,0.0395
L&T FINANCE LTD,17752,185,50,70,51,61.9,59.59,60.0,60.71,0.1023,0.8335,0.0642,0.0837,0.8244,0.0919,0.0486,0.9029,0.0486
NEWGEN SOFTWARE TECHNOLOGIES,11051,115,28,49,34,62.38,58.91,60.0,60.71,0.1122,0.827,0.0608,0.0515,0.8753,0.0732,0.041,0.918,0.041
GMRINFRA_05092025195049_05092025-BRSR,19179,200,45,78,59,60.93,60.39,60.67,60.7,0.078,0.8625,0.0594,0.0764,0.8549,0.0687,0.0543,0.9047,0.041
RAMCO CEMENTS LTD,13656,142,47,55,34,61.46,61.13,58.83,60.7,0.0723,0.8846,0.0431,0.0856,0.8513,0.0631,0.0738,0.8289,0.0973
BRITANNIA1_19072025235926_BRSR_Intimation_signed,17546,183,53,65,58,61.59,60.54,59.31,60.69,0.0834,0.8651,0.0515,0.0676,0.8756,0.0569,0.0457,0.8947,0.0596
CGPOWER_03072025103749_Disclosure_BRSR_2024_25,21002,219,62,85,58,60.9,60.61,60.43,60.69,0.0733,0.8714,0.0553,0.1096,0.793,0.0974,0.06,0.8885,0.0515
KALYANKJIL_14082025120520_BRSR,13276,138,30,52,50,60.95,61.28,59.51,60.69,0.0598,0.8993,0.0409,0.0981,0.8294,0.0725,0.0511,0.888,0.0609
TRENT LTD,19817,207,50,95,50,60.93,60.69,60.26,60.69,0.0974,0.8239,0.0787,0.0916,0.8306,0.0778,0.0512,0.9028,0.046
Aster_DM_BRSR_2024-25,13233,138,39,62,36,60.54,61.44,60.0,60.68,0.0705,0.8698,0.0597,0.0891,0.8506,0.0602,0.0489,0.9022,0.0489
HDFC ASSEST Management BRSR,19222,200,55,73,61,60.26,61.46,60.46,60.68,0.0556,0.8941,0.0503,0.0884,0.8524,0.0592,0.0597,0.8899,0.0505
MAXHEALTH_05072025101359_SE_Intimation_BRSR,25499,266,73,121,67,59.69,61.36,61.52,60.67,0.0726,0.8487,0.0787,0.1048,0.8175,0.0777,0.0962,0.8381,0.0658
SAMVARDHANA MOTHERSON INTERNATIONAL,21008,219,80,77,45,61.0,60.75,60.0,60.67,0.062,0.896,0.0421,0.0663,0.8824,0.0513,0.0406,0.9187,0.0406
KFIN TECHNOLOGIES LTD,12584,131,42,50,29,60.74,61.09,59.9,60.64,0.0645,0.8858,0.0497,0.0875,0.8468,0.0657,0.0515,0.897,0.0515
Schaeffler India Limited_IAR_2024_Business Responsibility and Sustainability Report,28016,292,79,122,64,62.1,59.31,59.73,60.64,0.0922,0.8578,0.0501,0.0713,0.8434,0.0852,0.0394,0.9158,0.0448
J.B. CHEMICALS & PHARMA LTD,19032,198,55,75,55,60.96,60.17,60.62,60.63,0.0914,0.8363,0.0723,0.092,0.8195,0.0886,0.0606,0.8913,0.0481
TITAN_27062025154702_SEnoticeofbrsr,19010,198,58,80,48,61.57,60.0,59.74,60.63,0.0786,0.8742,0.0472,0.0834,0.8332,0.0834,0.0495,0.8958,0.0547
UPL_03072025175450_BRSRintimation,19156,200,55,73,61,60.55,59.73,61.87,60.63,0.0699,0.8711,0.059,0.0812,0.8323,0.0865,0.0997,0.8381,0.0622
BAJAJ AUTO LTD_FY2024-25,17275,180,57,67,50,61.97,59.19,60.0,60.62,0.103,0.8335,0.0636,0.0614,0.8609,0.0777,0.0388,0.9224,0.0388
CHALET HOTELS LTD,14444,151,37,65,37,61.2,60.29,60.0,60.62,0.0751,0.8738,0.0511,0.0676,0.8706,0.0618,0.0428,0.9145,0.0428
COMPUTER AGE MANAGEMENT SERVICE LTD (CAMS),13727,143,41,56,33,60.97,60.63,60.0,60.62,0.0561,0.9073,0.0367,0.0612,0.8902,0.0486,0.0465,0.9071,0.0465
TIMKEN INDIA LTD,14867,155,58,64,26,60.75,61.23,59.6,60.61,0.0935,0.828,0.0785,0.0879,0.8488,0.0633,0.0462,0.9077,0.0462
LIC_BOARD_30072025182416_Disclosure_BRSR,52899,551,46,94,44,61.62,59.64,60.0,60.6,0.0915,0.8496,0.059,0.0647,0.8634,0.0719,0.0413,0.9173,0.0413
BANK OF MAHARASHTRA,17892,187,47,64,62,60.91,60.73,59.85,60.59,0.1113,0.7957,0.093,0.0893,0.8361,0.0746,0.0655,0.8659,0.0685
BDL_02092025162742_33IntimationofBRSR,15152,158,52,59,38,61.68,59.52,60.0,60.59,0.0999,0.8338,0.0662,0.0509,0.8888,0.0604,0.0387,0.9226,0.0387
BLUE JET HEALTHCARE LTD,12192,127,34,58,29,61.64,59.64,59.9,60.59,0.0934,0.846,0.0606,0.0753,0.8422,0.0825,0.0627,0.8745,0.0627
JAIPRAKASH POWER VENTURES LTD,147658,1538,154,147,575,61.53,59.95,59.69,60.58,0.136,0.7586,0.1054,0.0594,0.8801,0.0604,0.0526,0.8885,0.0589
ZYDUS LIFESCIENCES LTD,18070,188,47,82,50,61.06,60.37,60.0,60.58,0.0665,0.8883,0.0452,0.0694,0.8686,0.0619,0.0396,0.9207,0.0396
SOLARINDS_27062025215740_SignedBRSR2025,17877,186,66,62,44,60.6,61.44,59.45,60.57,0.0928,0.8265,0.0807,0.1098,0.8091,0.081,0.0415,0.906,0.0525
HitachiEnergy_24072025163636_SEBRSR_,23976,250,104,84,45,61.32,59.92,60.0,60.56,0.0898,0.8467,0.0634,0.0708,0.857,0.0723,0.0427,0.9145,0.0427
PHOENIXLTD4_06092025175235_PML_BRSR_06092025_sd,17805,186,39,78,65,60.8,59.98,60.84,60.56,0.0805,0.8551,0.0644,0.0733,0.853,0.0737,0.0772,0.8624,0.0604
BHARTIARTL_16072025232215_BAL_STX_BRSR_FY24-25,15022,157,37,61,52,61.1,59.81,60.51,60.55,0.0735,0.8751,0.0514,0.0539,0.8884,0.0577,0.0553,0.8997,0.045
ECLERX SERVICES LTD,17989,188,56,82,34,61.23,60.04,60.0,60.55,0.0828,0.8591,0.0582,0.0744,0.8519,0.0736,0.0389,0.9222,0.0389
VALOR ESTATE LTD,13628,142,37,57,31,60.88,59.58,61.12,60.54,0.0527,0.9123,0.035,0.0595,0.8727,0.0678,0.0704,0.8815,0.0481
BERGER PAINTS INDIA LTD,18895,197,74,76,35,61.37,59.76,60.0,60.53,0.0851,0.8571,0.0577,0.0841,0.827,0.0889,0.0401,0.9198,0.0401
NEULAND LABORATORIES LTD,16068,168,49,74,36,60.81,59.79,60.97,60.53,0.0755,0.8652,0.0593,0.0528,0.8902,0.057,0.0728,0.8738,0.0534
VARDHMAN TEXTILES LTD,12948,135,48,58,23,61.53,60.14,59.25,60.53,0.0798,0.8712,0.0491,0.0699,0.8629,0.0672,0.0356,0.9287,0.0356
ADANI GREEN_06102023122951_BRSR,15356,160,65,60,28,61.52,59.67,59.81,60.52,0.0864,0.8576,0.056,0.0507,0.8918,0.0574,0.0374,0.9253,0.0374
BLUESTARCO_11072025205146_SEIntimationBRSR,16741,175,53,64,50,61.65,59.29,60.0,60.51,0.1023,0.8283,0.0694,0.0775,0.831,0.0916,0.0531,0.8939,0.0531
VGUARD4321_12072025193341_BRSR_Intimation,15703,164,47,60,50,61.36,59.82,59.81,60.5,0.0921,0.843,0.0649,0.0684,0.8595,0.072,0.0607,0.8749,0.0644
NTPC2_07082025183536_BRSR_Stock_Exchange_07082025_signed,17296,180,62,63,47,61.24,59.74,60.0,60.47,0.075,0.8749,0.0502,0.0485,0.8978,0.0537,0.0356,0.9287,0.0356
UTI ASSET MANAGEMENT CO LTD,15164,158,40,64,46,61.2,59.81,60.0,60.47,0.0641,0.8957,0.0402,0.0511,0.8939,0.0549,0.038,0.924,0.038
ACTION CONSTRUCTION EQUIPMENT LTD BRSR FY 2024-25,11088,116,24,48,35,60.96,59.31,61.0,60.46,0.0754,0.8809,0.0436,0.0564,0.8734,0.0702,0.0589,0.9021,0.039
AUROBINDO PHARMA LTD_23_24,16638,174,41,71,49,60.47,60.82,60.0,60.46,0.0637,0.8819,0.0543,0.0769,0.8625,0.0606,0.0361,0.9279,0.0361
COLGATE PALMOLIVE (INDIA),17337,181,48,67,59,61.0,59.66,60.49,60.46,0.0721,0.8758,0.0521,0.0639,0.8655,0.0706,0.0512,0.9074,0.0414
TIINDIA_04072025232433_TIINSEAR2025BRSR,18113,189,63,67,43,61.0,60.08,60.0,60.46,0.0655,0.889,0.0455,0.0629,0.8758,0.0613,0.0402,0.9195,0.0402
Vedant-Fashions-Limited-BRSR,14439,151,33,67,43,60.59,60.23,60.53,60.46,0.0915,0.8288,0.0797,0.1167,0.7712,0.1121,0.0623,0.8859,0.0518
IPCALAB_11072025142934_IpcaBRSRReport2024-25,13171,137,44,55,29,61.58,59.29,59.9,60.45,0.0893,0.8531,0.0576,0.0934,0.7989,0.1077,0.0458,0.9084,0.0458
MOTHERSON_06082025000629_BRSR,24173,252,51,74,70,60.81,60.3,60.0,60.45,0.0672,0.8818,0.051,0.0509,0.9043,0.0449,0.0519,0.8962,0.0519
TCS_CORPCS_30062025164004_BRSR-2024-25,20388,213,74,65,65,61.64,59.14,60.0,60.45,0.0818,0.8691,0.0491,0.0525,0.8779,0.0696,0.0375,0.925,0.0375
BEL_06082025173321_Letter_BRSR_Signed,17516,183,63,70,39,60.42,59.56,61.51,60.43,0.0741,0.8602,0.0657,0.0701,0.8508,0.079,0.0802,0.8697,0.0501
FIVE-STAR BUSINESS FINANCE LTD,17373,181,47,80,44,60.0,60.65,60.89,60.42,0.046,0.908,0.046,0.086,0.8412,0.0729,0.0827,0.8524,0.0648
JKTYRE_14072025173932_BRSR,15726,164,52,70,22,61.9,60.14,58.13,60.41,0.0944,0.8492,0.0565,0.0688,0.865,0.0661,0.0518,0.8764,0.0718
BHARAT FORGE LTD,37641,392,120,154,98,60.56,60.2,60.35,60.4,0.0644,0.8823,0.0532,0.065,0.8742,0.0609,0.043,0.9209,0.0361
BHEL_26072025152245_BHELBRSRreport2024-25sd,25371,264,50,75,49,60.57,60.47,60.0,60.4,0.0562,0.899,0.0447,0.0714,0.8666,0.062,0.0447,0.9106,0.0447
BAJAJ FINSERV LTD_24_25,26369,275,76,98,70,60.38,59.5,61.51,60.39,0.0576,0.8923,0.0501,0.0753,0.8393,0.0854,0.0779,0.8744,0.0477
JBM AUTO LTD,12335,129,36,59,28,61.16,59.78,59.81,60.39,0.0733,0.8766,0.0501,0.0505,0.8946,0.0549,0.0532,0.8937,0.0532
CHENNAI PETROLEUM CORP LTD,14511,151,44,62,32,61.2,59.53,60.0,60.38,0.0905,0.8431,0.0664,0.0828,0.8249,0.0923,0.0398,0.9204,0.0398
GRAVITA INDIA LTD,12747,133,36,47,43,60.69,60.25,60.0,60.38,0.0675,0.8787,0.0538,0.0925,0.8201,0.0874,0.0445,0.9109,0.0445
NCC LTD,13452,140,36,63,27,60.0,61.43,59.7,60.37,0.0404,0.9192,0.0404,0.1077,0.8133,0.0791,0.0584,0.8832,0.0584
OIL & NATURAL GAS CORP LTD,24501,255,80,83,68,60.18,60.61,60.41,60.37,0.0616,0.8805,0.0579,0.077,0.8584,0.0647,0.0606,0.8869,0.0525
BOMBAY BURMAH TRADING CORP,147038,1532,144,208,453,61.35,59.44,59.75,60.36,0.0888,0.8493,0.0619,0.0653,0.8582,0.0765,0.0483,0.8984,0.0533
INDRAPRASTHA GAS LTD,23532,245,45,76,42,60.54,59.77,60.77,60.36,0.0699,0.871,0.0591,0.0557,0.8841,0.0603,0.0634,0.8887,0.0479
PNB HOUSING FINANCE LTD,16393,171,50,72,36,60.65,59.95,60.37,60.36,0.064,0.8849,0.0511,0.0643,0.8706,0.0652,0.0591,0.8893,0.0516
RVNL_07082025003546_BRSRSTOCKXCHANGEINTIMATION,14579,152,43,65,34,60.0,59.63,61.88,60.36,0.0414,0.9173,0.0414,0.0619,0.8689,0.0693,0.0883,0.861,0.0507
GODREJ INDUSTRIES LTD,16262,170,48,90,26,60.99,60.05,59.6,60.35,0.0691,0.8818,0.0492,0.0636,0.8739,0.0625,0.0412,0.9176,0.0412
SUN TV NETWORK LTD,97968,1021,42,97,317,61.1,59.36,60.25,60.35,0.06,0.9019,0.038,0.0703,0.8465,0.0832,0.0491,0.9069,0.044
GREAT EASTERN SHIPPING CO LTD,13614,142,53,56,31,60.77,60.0,60.0,60.34,0.0818,0.8518,0.0664,0.0583,0.8834,0.0583,0.0516,0.8967,0.0516
SCHNEIDER ELECTRIC Infrastructure,19554,204,63,84,34,61.12,58.97,60.64,60.33,0.0769,0.8684,0.0546,0.089,0.8014,0.1096,0.0659,0.881,0.0531
AUTHUM INVESTMENT INFRASTUCT_24_25,10434,109,34,43,24,61.43,59.52,59.37,60.32,0.0702,0.8881,0.0417,0.0567,0.877,0.0663,0.0448,0.9104,0.0448
GUJARAT MINERAL DEV CORP LTD,11930,124,36,47,31,60.91,59.73,60.0,60.32,0.0632,0.8917,0.0451,0.0667,0.8612,0.0721,0.0475,0.905,0.0475
RHI MAGNESITA INDIA LTD,14870,155,43,66,39,60.9,59.76,60.0,60.32,0.0658,0.8863,0.0479,0.0733,0.8485,0.0782,0.0459,0.9082,0.0459
DALBHARAT_25062025175835_Finalbrsr2025signed,17697,185,54,57,63,60.69,59.67,60.39,60.3,0.0593,0.8951,0.0456,0.0594,0.8746,0.066,0.0499,0.908,0.0421
ZEE ENTERTAINMENT ENTERPRISE,18030,188,49,67,59,60.0,60.8,60.21,60.3,0.0427,0.9146,0.0427,0.0739,0.8683,0.0578,0.0527,0.8988,0.0486
HAL_30072025115044_BRSR,16438,171,50,68,40,60.7,59.95,60.0,60.29,0.0507,0.9126,0.0367,0.075,0.8491,0.0759,0.0401,0.9198,0.0401
ALKYL AMINES CHEMICALS LTD_23_24,13563,141,45,53,36,60.95,59.9,59.5,60.26,0.0567,0.9056,0.0377,0.0598,0.8783,0.0618,0.044,0.9021,0.054
INTELLECT DESIGN ARENA LTD,13691,143,38,64,34,61.55,58.64,60.0,60.26,0.0835,0.8639,0.0526,0.0846,0.8037,0.1117,0.0583,0.8835,0.0583
Poonawalla Fincorp Ltd,18892,197,52,84,52,60.34,60.94,59.26,60.26,0.0616,0.8836,0.0548,0.0806,0.8578,0.0617,0.0475,0.8901,0.0623
ANAND RATHI WEALTH LTD - 24 -25,12503,130,31,50,43,60.0,60.51,60.38,60.25,0.0418,0.9164,0.0418,0.0869,0.8365,0.0766,0.0676,0.8724,0.06
BAJAJ FINANCE LTD_23_24,25322,264,69,91,82,61.07,59.3,60.0,60.25,0.067,0.8874,0.0456,0.0684,0.8493,0.0823,0.0412,0.9176,0.0412
PIDILITE INDUSTRIES LTD,18512,193,73,66,44,61.02,59.8,59.47,60.25,0.0805,0.8594,0.0601,0.0632,0.8696,0.0672,0.0498,0.8898,0.0604
NIPPON LIFE INDIA ASSET,15704,164,48,64,45,60.0,60.05,60.89,60.24,0.0459,0.9081,0.0459,0.0643,0.8724,0.0634,0.0558,0.9062,0.038
ADITYA BIRLA SUN LIFE AMC LTD - 2024-25,15393,161,40,66,44,60.36,60.24,60.0,60.23,0.0511,0.905,0.0438,0.0732,0.8584,0.0684,0.0476,0.9047,0.0476
Godrej Properties,21762,227,65,71,67,60.66,59.75,60.0,60.21,0.069,0.8751,0.0559,0.0525,0.8899,0.0576,0.0421,0.9159,0.0421
Kotakmahindrabank_19092025171829_BRSR_FY25,29200,304,64,78,140,60.84,59.47,60.0,60.21,0.0781,0.8605,0.0613,0.0612,0.8669,0.0719,0.0441,0.9119,0.0441
Siemens Ltd,27523,287,95,106,57,60.98,59.28,60.0,60.21,0.0862,0.8472,0.0666,0.0711,0.8435,0.0854,0.0425,0.915,0.0425
BHARTI HEXACOM LTD,14688,153,47,62,38,60.63,59.74,60.0,60.2,0.0666,0.8794,0.054,0.0473,0.9004,0.0524,0.0461,0.9079,0.0461
SOBHA LTD,14495,151,46,57,33,60.0,59.97,60.85,60.2,0.0449,0.9103,0.0449,0.0674,0.8646,0.068,0.0686,0.8797,0.0517
ULTRACEMCO_28072025165544_BRSR,31277,326,103,141,63,59.78,60.12,61.02,60.2,0.0767,0.8423,0.081,0.0516,0.8992,0.0492,0.0685,0.8834,0.0481
IFCI LTD,12246,128,27,45,47,59.7,60.49,60.67,60.19,0.0445,0.911,0.0445,0.068,0.8738,0.0582,0.0851,0.8433,0.0716
TORNTPOWER_10072025192825_BRSR,18212,190,54,63,58,61.74,58.14,60.0,60.19,0.0898,0.8552,0.0551,0.0599,0.8431,0.0971,0.0414,0.9173,0.0414
ALEMBIC PHARMACEUTICALS LTD_22_23,8974,94,32,38,21,60.95,60.0,59.0,60.17,0.0607,0.8975,0.0418,0.0499,0.9001,0.0499,0.0469,0.9061,0.0469
DIVISLAB_14072025185732_BRSR2024-25_Divislabs_Submission,14475,151,54,51,36,60.71,59.51,60.0,60.16,0.0635,0.8874,0.0492,0.0533,0.8837,0.0631,0.0413,0.9173,0.0413
KAYNES TECHNOLOGY INDIA LTD,10627,111,31,46,26,60.89,59.04,60.27,60.16,0.0711,0.8756,0.0532,0.0701,0.8406,0.0894,0.0662,0.881,0.0528
Lupin2_21072025103550_LupinBRSR_FY202425,13550,141,44,63,23,60.68,60.16,59.25,60.16,0.0577,0.8981,0.0441,0.0571,0.889,0.0538,0.04,0.9201,0.04
PAYTM_06082025105925_BRSR31032025_Signed,23166,242,47,79,97,60.0,60.27,60.26,60.15,0.0562,0.8877,0.0562,0.0852,0.8349,0.0799,0.0722,0.8609,0.0669
ASAHI INDIA GLASS LTD_22_23,15504,162,47,82,28,60.3,60.18,59.81,60.14,0.0563,0.8933,0.0504,0.0592,0.8852,0.0556,0.0387,0.9226,0.0387
AIA ENGINEERING LTD-22_23,16613,173,74,56,26,60.29,59.78,60.27,60.13,0.0698,0.8661,0.0641,0.0443,0.9071,0.0486,0.0553,0.903,0.0417
INDIA CEMENTS LTD,9289,97,32,37,23,60.83,59.81,59.25,60.12,0.0663,0.884,0.0497,0.0743,0.8477,0.078,0.0377,0.9246,0.0377
UCO BANK,28813,300,70,104,65,60.54,59.75,59.81,60.11,0.0613,0.8881,0.0506,0.0624,0.8701,0.0674,0.0583,0.8796,0.0621
SUNDRAM FASTENERS LTD,12909,135,46,59,23,60.9,59.66,59.25,60.1,0.07,0.8779,0.0521,0.0556,0.8821,0.0623,0.0456,0.9087,0.0456
AVENUE SUPERMARTS LTD_24_25,18887,197,55,68,60,60.14,60.1,60.0,60.09,0.079,0.8449,0.0761,0.0847,0.8324,0.0828,0.043,0.9141,0.043
GRSE_26082025171904_Business_Responsibility_and_Sustainability_Report_FY_2024-25,15203,159,47,56,46,60.98,59.15,59.66,60.08,0.063,0.8936,0.0434,0.0591,0.8648,0.0761,0.0608,0.8715,0.0677
HEROMOTO_12072025142933_StxintimationBRSR,16094,168,49,69,38,60.0,60.24,60.0,60.07,0.0447,0.9105,0.0447,0.078,0.8489,0.0731,0.0458,0.9085,0.0458
STAR HEALTH & ALLIED INSURANCE,16016,167,44,70,40,60.0,59.76,60.55,60.06,0.0364,0.9273,0.0364,0.0592,0.8767,0.0641,0.0602,0.8906,0.0492
TATA TECHNOLOGIES,16921,176,41,70,60,60.0,60.0,60.25,60.06,0.0378,0.9243,0.0378,0.056,0.8881,0.056,0.0423,0.9204,0.0373
GODAWARI POWER AND ISPAT LTD,10108,105,28,45,29,59.81,60.48,59.9,60.04,0.0362,0.9276,0.0362,0.0544,0.9008,0.0448,0.0386,0.9228,0.0386
NIVA BUPA HEALTH INSURANCE,14988,156,36,73,36,60.0,60.11,60.0,60.03,0.039,0.9219,0.039,0.0721,0.858,0.0699,0.0407,0.9186,0.0407
OBEROIRLTY_04072025193716_Business_Responsibility_and_sustainability_report,35086,366,83,112,48,60.06,60.0,60.0,60.03,0.0652,0.8709,0.0639,0.0516,0.8968,0.0516,0.0324,0.9352,0.0324
CAN FIN HOMES LTD,10506,110,17,42,44,60.69,59.06,60.0,60.01,0.145,0.7555,0.0995,0.0948,0.7916,0.1136,0.054,0.892,0.054
KRISHNA INSTITUTE OF MEDICAL SCIENCE LTD,16669,174,36,67,26,60.0,60.37,59.6,60.01,0.039,0.9219,0.039,0.0538,0.8997,0.0465,0.0395,0.9209,0.0395
MARICO LTD,20724,216,73,78,46,60.0,60.04,60.0,60.01,0.0443,0.9114,0.0443,0.0701,0.8606,0.0693,0.0488,0.9023,0.0488
AARTIIND_10072024192757_AARTIIND_BRSR,16566,173,52,68,39,60.0,60.31,59.62,60.0,0.0523,0.8954,0.0523,0.0795,0.847,0.0734,0.0507,0.891,0.0583
BALKRISIND_04072025192357_BRSRnewfsigned,46746,487,68,101,69,60.21,59.71,60.0,60.0,0.06,0.8843,0.0557,0.051,0.8923,0.0568,0.0457,0.9085,0.0457
HINDALCOIND_28072025200135_Reg_34_BRSR_Final_signed,20799,217,61,100,41,60.0,60.0,60.0,60.0,0.0307,0.9387,0.0307,0.0381,0.9239,0.0381,0.0306,0.9389,0.0306
NUVAMA WEALTH MANAGEMENT LTD,38019,396,66,104,62,60.0,60.0,60.0,60.0,0.041,0.9179,0.041,0.0596,0.8807,0.0596,0.0411,0.9178,0.0411
RR KABEL LTD,13209,138,45,54,32,60.71,59.0,60.0,60.0,0.0708,0.8727,0.0565,0.0575,0.8651,0.0774,0.0435,0.9129,0.0435
SARDA ENERGY & MINERALS LTD,12988,135,38,53,32,60.47,59.33,60.0,60.0,0.0604,0.8886,0.051,0.0662,0.8543,0.0795,0.0327,0.9346,0.0327
SAREGAMA INDIA LTD,12234,128,42,42,34,60.0,60.0,60.0,60.0,0.0467,0.9066,0.0467,0.0491,0.9019,0.0491,0.0429,0.9143,0.0429
TATAMOTORSSJS_19062025141650_NSEBSELETTERBRSR,176604,1840,60,53,87,60.0,60.0,60.0,60.0,0.0731,0.8537,0.0731,0.0776,0.8449,0.0776,0.0705,0.859,0.0705
ELGI EQUIPMENTS LTD,11742,123,26,59,21,60.68,59.8,59.0,59.99,0.0661,0.8895,0.0444,0.0758,0.8445,0.0797,0.0454,0.9092,0.0454
NUVOCO VISTAS CORP LTD,10520,110,46,43,18,60.0,61.12,58.57,59.99,0.0526,0.8947,0.0526,0.1054,0.8115,0.0831,0.0509,0.8983,0.0509
RELIANCE POWER LTD,10319,108,27,47,28,59.7,58.98,61.7,59.98,0.0454,0.9091,0.0454,0.0528,0.8739,0.0733,0.0845,0.869,0.0466
SAPPHIRE FOODS INDIA LTD,10465,109,34,42,28,60.0,60.05,59.81,59.97,0.0691,0.8618,0.0691,0.0765,0.8479,0.0755,0.0503,0.8994,0.0503
LINDEINDIA1_12082025174254_Linde_India_BRSR_FY_2024-25,17264,180,53,65,45,60.0,59.64,60.27,59.96,0.0397,0.9206,0.0397,0.065,0.8629,0.0721,0.0575,0.8904,0.0521
TATA POWER CO LTD,21475,224,79,88,34,60.74,58.8,60.0,59.95,0.0614,0.8919,0.0467,0.0876,0.8008,0.1116,0.0493,0.9015,0.0493
PROCTER & GAMBLE HYGIENE,12464,130,28,58,38,59.81,60.06,60.0,59.94,0.0605,0.879,0.0605,0.1031,0.7951,0.1018,0.0419,0.9162,0.0419
GUJARAT STATE PETRONET LTD,16424,171,58,69,37,60.0,59.77,60.0,59.93,0.0433,0.9134,0.0433,0.06,0.8754,0.0646,0.0385,0.9231,0.0385
AEGIS LOGISTICS LTD_BRSR_2022-23_Signed,12843,134,33,61,33,60.0,59.73,60.0,59.92,0.0351,0.9298,0.0351,0.0554,0.8838,0.0608,0.0403,0.9195,0.0403
BASF INDIA LTD,213837,2228,895,357,391,60.18,59.73,59.7,59.92,0.1406,0.7224,0.137,0.1075,0.7797,0.1128,0.0668,0.8604,0.0728
KAJARIA CERAMICS LTD,12503,130,40,48,27,60.0,60.0,59.7,59.92,0.0319,0.9361,0.0319,0.0472,0.9055,0.0472,0.0346,0.9308,0.0346
REDINGTON LTD,12400,129,44,50,27,60.0,60.0,59.7,59.92,0.0431,0.9139,0.0431,0.0508,0.8984,0.0508,0.037,0.9259,0.037
PRAJIND_29082025091837_BRSR2025,10153,106,35,40,24,60.82,59.07,59.37,59.91,0.0729,0.8705,0.0566,0.0659,0.8496,0.0845,0.0434,0.9132,0.0434
SWAN CORP LTD,14690,153,37,54,53,60.0,59.7,60.0,59.91,0.0676,0.8648,0.0676,0.0677,0.8586,0.0737,0.0439,0.9122,0.0439
CONCORD BIOTECH LTD,14128,147,48,56,33,60.71,58.91,59.65,59.89,0.0638,0.8866,0.0496,0.0669,0.8443,0.0888,0.0447,0.9036,0.0517
DELHIVERY LTD,11536,120,32,50,30,60.71,58.62,60.0,59.88,0.1017,0.8108,0.0875,0.0736,0.8251,0.1013,0.0431,0.9138,0.0431
CENTRAL BANK OF INDIA,11443,119,29,45,33,60.44,59.33,59.5,59.86,0.0712,0.8685,0.0604,0.0472,0.8921,0.0606,0.0486,0.8928,0.0586
RITES LTD,12633,132,41,58,24,60.43,59.4,59.37,59.85,0.0519,0.9049,0.0432,0.0539,0.8801,0.0659,0.0522,0.8956,0.0522
TATAINVEST_04072025114536_TICL_BRSR,12936,135,36,49,41,60.0,59.47,60.0,59.84,0.0342,0.9317,0.0342,0.057,0.8752,0.0677,0.0412,0.9176,0.0412
HONEYWELL AUTOMATION INDIA,15534,162,43,58,55,60.0,59.4,60.0,59.81,0.04,0.9201,0.04,0.0473,0.8936,0.0592,0.0366,0.9268,0.0366
LAURUSLABS_16072025191915_BRSR16072025,16120,168,42,59,57,60.37,58.85,60.0,59.81,0.0606,0.8863,0.0532,0.0678,0.8415,0.0907,0.045,0.91,0.045
ADANI PORTS AND SPECIAL ECONOMIC ZONE- 23-24,31733,331,64,123,75,60.0,59.34,60.0,59.8,0.0381,0.9239,0.0381,0.0479,0.8911,0.061,0.042,0.9161,0.042
CIPLA_19062025212416_BRSRFY25SEIntimation_signed,9972,104,37,28,33,60.0,59.35,60.0,59.8,0.0339,0.9323,0.0339,0.0575,0.8758,0.0667,0.0378,0.9243,0.0378
RBL BANK LTD,10984,115,27,48,36,59.7,59.66,60.0,59.76,0.0356,0.9288,0.0356,0.053,0.8872,0.0598,0.0396,0.9208,0.0396
INDIAMART INTERMESH LTD,11042,115,27,48,37,59.7,59.12,60.6,59.75,0.0455,0.909,0.0455,0.0872,0.8081,0.1048,0.0571,0.8978,0.0452
CUMMINSIND_15072025211448_SignedBRSRIntimationFY2425,17833,186,54,72,54,59.59,59.75,60.0,59.74,0.0693,0.8531,0.0776,0.0613,0.8724,0.0663,0.0356,0.9288,0.0356
PEL2024_21082025225003_BRSR_SE_sd,14718,154,54,47,45,60.61,58.29,60.0,59.74,0.0666,0.879,0.0543,0.0676,0.8308,0.1017,0.0435,0.913,0.0435
NAVIN FLUORINE INTERNATIONAL,16436,171,68,75,24,60.0,60.01,58.77,59.7,0.0619,0.8761,0.0619,0.0755,0.8491,0.0754,0.0566,0.8747,0.0687
BATAINDIA_18072025144329_SE_Letter_BRSR_2025_Signed,11490,120,30,55,24,60.0,59.51,59.37,59.69,0.0427,0.9145,0.0427,0.0574,0.8753,0.0672,0.0465,0.9069,0.0465
TECHNO ELECTRIC & ENGINEERING,8571,89,24,36,28,59.37,60.0,59.81,59.68,0.0447,0.9106,0.0447,0.0472,0.9055,0.0472,0.036,0.928,0.036
ASIAN PAINTS LTD_24_25,23732,247,78,75,83,60.1,58.77,60.0,59.66,0.0587,0.8845,0.0567,0.0568,0.8619,0.0813,0.0382,0.9235,0.0382
OFSS_27062025192716_OFSSLettertoSEBRSR2025,10877,113,28,35,30,59.81,59.15,60.0,59.65,0.0424,0.9151,0.0424,0.0548,0.8734,0.0718,0.04,0.9201,0.04
INTERNATIONAL GEMMOLOGICAL LTD,9725,101,23,41,24,60.99,59.45,57.48,59.64,0.0843,0.8662,0.0495,0.0574,0.8743,0.0684,0.0815,0.7993,0.1193
TEJAS NETWORKS LTD,12452,130,41,52,31,59.03,60.21,60.0,59.64,0.0386,0.9035,0.0579,0.0624,0.8795,0.0581,0.0399,0.9202,0.0399
GE VERNOVA T&D INDIA LTD,9278,97,25,34,32,59.49,59.33,60.0,59.57,0.036,0.928,0.036,0.0851,0.8164,0.0985,0.055,0.89,0.055
GLENMARK PHARMACEUTICALS LTD,51462,536,63,108,101,59.52,59.45,59.81,59.57,0.0543,0.8817,0.064,0.0685,0.852,0.0795,0.0462,0.9038,0.05
ALOK INDUSTRIES LTD_24_25,11243,117,34,45,31,60.0,58.5,60.0,59.53,0.0512,0.8976,0.0512,0.0625,0.845,0.0925,0.0545,0.891,0.0545
Inox Wind Ltd,11530,120,71,31,14,60.33,59.35,57.89,59.42,0.0575,0.8916,0.0509,0.0578,0.8714,0.0708,0.0378,0.9245,0.0378
GILLETTE INDIA LTD,10766,112,25,54,23,59.49,59.44,59.25,59.41,0.0505,0.899,0.0505,0.0937,0.8014,0.1049,0.0405,0.9189,0.0405
IDFC FIRST BANK LTD,15009,157,36,59,53,60.51,57.93,59.06,59.35,0.0474,0.9153,0.0373,0.0546,0.8493,0.0961,0.0535,0.8741,0.0723
VMMP2024_03092025152424_Disclosure_BRSR_2025_VMM,11175,117,28,40,40,58.18,60.06,60.5,59.34,0.0348,0.8979,0.0673,0.0782,0.8449,0.0769,0.0609,0.8883,0.0508
BAJAJ HOLDINGS AND INVESTMENT LTD_24_25,9379,98,23,36,33,59.25,58.89,60.0,59.33,0.036,0.928,0.036,0.0705,0.8367,0.0927,0.0427,0.9145,0.0427
OLECTRA_29082025193717_BRSR,62179,648,21,56,36,59.0,59.07,60.0,59.27,0.0401,0.9199,0.0401,0.0624,0.8566,0.0811,0.0443,0.9114,0.0443
SYRMA SGS TECHNOLOGY LTD,7370,77,21,27,26,59.0,59.25,59.6,59.23,0.0401,0.9197,0.0401,0.0487,0.8937,0.0577,0.0434,0.9132,0.0434
ADITYA BIRLA FASHION AND RETAIL LTD - 23 - 24,8319,87,17,37,24,58.42,60.0,59.37,59.15,0.0343,0.9314,0.0343,0.0438,0.9123,0.0438,0.0352,0.9296,0.0352
HOUSING & URBAN DEV CORP LTD,8750,91,23,44,19,59.25,59.28,58.72,59.13,0.0405,0.919,0.0405,0.0605,0.8646,0.0749,0.0317,0.9366,0.0317
ITI LTD,8460,88,33,36,17,60.0,58.28,58.42,59.07,0.0449,0.9101,0.0449,0.0663,0.833,0.1007,0.0508,0.8983,0.0508
MAHARASHTRA SCOOTERS LTD,7148,75,13,39,18,57.69,59.1,58.57,58.35,0.0296,0.9408,0.0296,0.0564,0.8692,0.0744,0.0423,0.9154,0.0423
MANAPPURAM FINANCE LTD,3385,35,7,9,18,58.19,56.71,58.57,57.83,0.1445,0.7536,0.1019,0.0962,0.8077,0.0962,0.0574,0.8851,0.0574
ESCORTS KUBOTA LTD,2101,22,7,8,5,56.06,56.4,55.22,55.96,0.0812,0.8376,0.0812,0.0876,0.8247,0.0876,0.0374,0.9251,0.0374
DIXON_01092025235419_Binder1,1923,20,3,0,16,54.04,50.0,58.25,53.84,0.0343,0.9314,0.0343,0.0,1.0,0.0,0.0316,0.9368,0.0316
BEML LTD,1424,15,4,0,7,54.69,50.0,56.06,53.58,0.0439,0.9122,0.0439,0.0,1.0,0.0,0.0351,0.9297,0.0351
JKCEMENT_04072025181554_BRSR_Report,1651,17,1,1,5,52.02,52.02,55.22,52.82,0.0843,0.8314,0.0843,0.0296,0.9409,0.0296,0.0583,0.8834,0.0583
HDFCBANK_14072025080813_BRSR,1420,15,4,2,9,54.69,44.27,56.71,51.96,0.0358,0.9285,0.0358,0.192,0.4375,0.3706,0.0311,0.9378,0.0311
LEELA PALACES HOTELS & RESORTS LTD,2042,21,0,0,2,50.0,50.0,53.2,50.8,0.0,1.0,0.0,0.0,1.0,0.0,0.0523,0.8954,0.0523
MMTC LTD,199,2,0,0,2,50.0,50.0,53.2,50.8,0.0,1.0,0.0,0.0,1.0,0.0,0.0276,0.9447,0.0276
PTC_14072025180701_PTCBRSR2025,169,2,0,0,1,50.0,50.0,52.02,50.51,0.0,1.0,0.0,0.0,1.0,0.0,0.0246,0.9507,0.0246
